
main.elf:     file format elf32-avr

Sections:
Idx Name          Size      VMA       LMA       File off  Algn
  0 .data         00000024  00800100  00001efe  00001f92  2**0
                  CONTENTS, ALLOC, LOAD, DATA
  1 .text         00001efe  00000000  00000000  00000094  2**1
                  CONTENTS, ALLOC, LOAD, READONLY, CODE
  2 .bss          000005c5  00800124  00800124  00001fb6  2**0
                  ALLOC
  3 .stab         00000d2c  00000000  00000000  00001fb8  2**2
                  CONTENTS, READONLY, DEBUGGING
  4 .stabstr      0000006c  00000000  00000000  00002ce4  2**0
                  CONTENTS, READONLY, DEBUGGING
  5 .debug_aranges 000000c0  00000000  00000000  00002d50  2**0
                  CONTENTS, READONLY, DEBUGGING
  6 .debug_pubnames 00000b1f  00000000  00000000  00002e10  2**0
                  CONTENTS, READONLY, DEBUGGING
  7 .debug_info   000022cf  00000000  00000000  0000392f  2**0
                  CONTENTS, READONLY, DEBUGGING
  8 .debug_abbrev 000008e4  00000000  00000000  00005bfe  2**0
                  CONTENTS, READONLY, DEBUGGING
  9 .debug_line   00001c9c  00000000  00000000  000064e2  2**0
                  CONTENTS, READONLY, DEBUGGING
 10 .debug_frame  00000650  00000000  00000000  00008180  2**2
                  CONTENTS, READONLY, DEBUGGING
 11 .debug_str    00000be4  00000000  00000000  000087d0  2**0
                  CONTENTS, READONLY, DEBUGGING
 12 .debug_loc    00000ac7  00000000  00000000  000093b4  2**0
                  CONTENTS, READONLY, DEBUGGING
 13 .debug_ranges 000001e0  00000000  00000000  00009e7b  2**0
                  CONTENTS, READONLY, DEBUGGING

Disassembly of section .text:

00000000 <__vectors>:
       0:	0c 94 34 00 	jmp	0x68	; 0x68 <__ctors_end>
       4:	0c 94 51 00 	jmp	0xa2	; 0xa2 <__bad_interrupt>
       8:	0c 94 51 00 	jmp	0xa2	; 0xa2 <__bad_interrupt>
       c:	0c 94 51 00 	jmp	0xa2	; 0xa2 <__bad_interrupt>
      10:	0c 94 51 00 	jmp	0xa2	; 0xa2 <__bad_interrupt>
      14:	0c 94 51 00 	jmp	0xa2	; 0xa2 <__bad_interrupt>
      18:	0c 94 51 00 	jmp	0xa2	; 0xa2 <__bad_interrupt>
      1c:	0c 94 36 0a 	jmp	0x146c	; 0x146c <__vector_7>
      20:	0c 94 51 00 	jmp	0xa2	; 0xa2 <__bad_interrupt>
      24:	0c 94 51 00 	jmp	0xa2	; 0xa2 <__bad_interrupt>
      28:	0c 94 51 00 	jmp	0xa2	; 0xa2 <__bad_interrupt>
      2c:	0c 94 51 00 	jmp	0xa2	; 0xa2 <__bad_interrupt>
      30:	0c 94 51 00 	jmp	0xa2	; 0xa2 <__bad_interrupt>
      34:	0c 94 51 00 	jmp	0xa2	; 0xa2 <__bad_interrupt>
      38:	0c 94 51 00 	jmp	0xa2	; 0xa2 <__bad_interrupt>
      3c:	0c 94 51 00 	jmp	0xa2	; 0xa2 <__bad_interrupt>
      40:	0c 94 51 00 	jmp	0xa2	; 0xa2 <__bad_interrupt>
      44:	0c 94 51 00 	jmp	0xa2	; 0xa2 <__bad_interrupt>
      48:	0c 94 51 00 	jmp	0xa2	; 0xa2 <__bad_interrupt>
      4c:	0c 94 51 00 	jmp	0xa2	; 0xa2 <__bad_interrupt>
      50:	0c 94 51 00 	jmp	0xa2	; 0xa2 <__bad_interrupt>
      54:	0c 94 51 00 	jmp	0xa2	; 0xa2 <__bad_interrupt>
      58:	0c 94 51 00 	jmp	0xa2	; 0xa2 <__bad_interrupt>
      5c:	0c 94 51 00 	jmp	0xa2	; 0xa2 <__bad_interrupt>
      60:	0c 94 51 00 	jmp	0xa2	; 0xa2 <__bad_interrupt>
      64:	0c 94 51 00 	jmp	0xa2	; 0xa2 <__bad_interrupt>

00000068 <__ctors_end>:
      68:	11 24       	eor	r1, r1
      6a:	1f be       	out	0x3f, r1	; 63
      6c:	cf ef       	ldi	r28, 0xFF	; 255
      6e:	d8 e0       	ldi	r29, 0x08	; 8
      70:	de bf       	out	0x3e, r29	; 62
      72:	cd bf       	out	0x3d, r28	; 61

00000074 <__do_copy_data>:
      74:	11 e0       	ldi	r17, 0x01	; 1
      76:	a0 e0       	ldi	r26, 0x00	; 0
      78:	b1 e0       	ldi	r27, 0x01	; 1
      7a:	ee ef       	ldi	r30, 0xFE	; 254
      7c:	fe e1       	ldi	r31, 0x1E	; 30
      7e:	02 c0       	rjmp	.+4      	; 0x84 <.do_copy_data_start>

00000080 <.do_copy_data_loop>:
      80:	05 90       	lpm	r0, Z+
      82:	0d 92       	st	X+, r0

00000084 <.do_copy_data_start>:
      84:	a4 32       	cpi	r26, 0x24	; 36
      86:	b1 07       	cpc	r27, r17
      88:	d9 f7       	brne	.-10     	; 0x80 <.do_copy_data_loop>

0000008a <__do_clear_bss>:
      8a:	16 e0       	ldi	r17, 0x06	; 6
      8c:	a4 e2       	ldi	r26, 0x24	; 36
      8e:	b1 e0       	ldi	r27, 0x01	; 1
      90:	01 c0       	rjmp	.+2      	; 0x94 <.do_clear_bss_start>

00000092 <.do_clear_bss_loop>:
      92:	1d 92       	st	X+, r1

00000094 <.do_clear_bss_start>:
      94:	a9 3e       	cpi	r26, 0xE9	; 233
      96:	b1 07       	cpc	r27, r17
      98:	e1 f7       	brne	.-8      	; 0x92 <.do_clear_bss_loop>
      9a:	0e 94 53 00 	call	0xa6	; 0xa6 <main>
      9e:	0c 94 7d 0f 	jmp	0x1efa	; 0x1efa <_exit>

000000a2 <__bad_interrupt>:
      a2:	0c 94 00 00 	jmp	0	; 0x0 <__vectors>

000000a6 <main>:

int main(void) {
    
	//Enable prescaler 2
	//System frequency 4 MHz
	Kernel_Clock_Prescale(1);
      a6:	81 e0       	ldi	r24, 0x01	; 1
      a8:	0e 94 9d 0e 	call	0x1d3a	; 0x1d3a <Kernel_Clock_Prescale>
	
	Kernel_Init();
      ac:	0e 94 b2 0c 	call	0x1964	; 0x1964 <Kernel_Init>
	Kernel_Task_Create(Task_RGB_LED,  0);
      b0:	83 e2       	ldi	r24, 0x23	; 35
      b2:	91 e0       	ldi	r25, 0x01	; 1
      b4:	60 e0       	ldi	r22, 0x00	; 0
      b6:	0e 94 71 0b 	call	0x16e2	; 0x16e2 <Kernel_Task_Create>
	Kernel_Task_Create(Task_Vin_Sense,  1);
      ba:	88 e1       	ldi	r24, 0x18	; 24
      bc:	91 e0       	ldi	r25, 0x01	; 1
      be:	61 e0       	ldi	r22, 0x01	; 1
      c0:	0e 94 71 0b 	call	0x16e2	; 0x16e2 <Kernel_Task_Create>
	Kernel_Task_Create(Task_Radio,  2);
      c4:	8e e8       	ldi	r24, 0x8E	; 142
      c6:	90 e0       	ldi	r25, 0x00	; 0
      c8:	62 e0       	ldi	r22, 0x02	; 2
      ca:	0e 94 71 0b 	call	0x16e2	; 0x16e2 <Kernel_Task_Create>
	Kernel_Task_Create(Task_Sensor,  3);
      ce:	8b e7       	ldi	r24, 0x7B	; 123
      d0:	90 e0       	ldi	r25, 0x00	; 0
      d2:	63 e0       	ldi	r22, 0x03	; 3
      d4:	0e 94 71 0b 	call	0x16e2	; 0x16e2 <Kernel_Task_Create>
	//Kernel_Task_Create(Task_OTAU,  4);
	Kernel_PreSleep_Hook(Task_Disable_Peripherals);
      d8:	83 e7       	ldi	r24, 0x73	; 115
      da:	90 e0       	ldi	r25, 0x00	; 0
      dc:	0e 94 9a 0e 	call	0x1d34	; 0x1d34 <Kernel_PreSleep_Hook>
	Kernel_Start_Tasks();
      e0:	0e 94 e9 0b 	call	0x17d2	; 0x17d2 <Kernel_Start_Tasks>
      e4:	ff cf       	rjmp	.-2      	; 0xe4 <SRUDR0+0x1e>

000000e6 <Task_Disable_Peripherals>:
  sleep, add disabling tasks inside this function. 
*/
void Task_Disable_Peripherals(void){
  //ADC and Analog comparator will be
  //turned off automatically by the kernel
}
      e6:	08 95       	ret

000000e8 <Task_OTAU>:
__attribute__((noreturn)) void Task_OTAU(void){
  
  
  
  //Inrush current prevention at startup
  Kernel_Task_Sleep(2000/KER_TICK_TIME);
      e8:	82 e0       	ldi	r24, 0x02	; 2
      ea:	90 e0       	ldi	r25, 0x00	; 0
      ec:	0e 94 f8 0c 	call	0x19f0	; 0x19f0 <Kernel_Task_Sleep>
  
  while(1){
    
    
    //Kernel Delay
    Kernel_Task_Sleep(SENSOR_TASK_SLEEP_DUR_MS/KER_TICK_TIME);
      f0:	8c e2       	ldi	r24, 0x2C	; 44
      f2:	91 e0       	ldi	r25, 0x01	; 1
      f4:	fb cf       	rjmp	.-10     	; 0xec <Task_OTAU+0x4>

000000f6 <Task_Sensor>:
  Also measures the bus voltage of the sensor block.
  Add Kernel_Task_Sleep() if delay is necessary.
*/
__attribute__((noreturn)) void Task_Sensor(void){
  
  Sensors_Init();
      f6:	0e 94 83 07 	call	0xf06	; 0xf06 <Sensors_Init>
  //Inrush current prevention at startup
  Kernel_Task_Sleep(2000/KER_TICK_TIME);
      fa:	82 e0       	ldi	r24, 0x02	; 2
      fc:	90 e0       	ldi	r25, 0x00	; 0
      fe:	0e 94 f8 0c 	call	0x19f0	; 0x19f0 <Kernel_Task_Sleep>
  
  while(1){
    
    //Enable Power to sensor module
    Sensors_Power_Enable();
     102:	0e 94 8c 07 	call	0xf18	; 0xf18 <Sensors_Power_Enable>
    //Sample sensor registers
    Sensors_Sample_Temp_RH();
     106:	0e 94 09 09 	call	0x1212	; 0x1212 <Sensors_Sample_Temp_RH>
    //Read sensor module vdd
    Peripherals_V3V3_Sense_Sample();
     10a:	0e 94 e2 06 	call	0xdc4	; 0xdc4 <Peripherals_V3V3_Sense_Sample>
    //Disable power to sensor module
    Sensors_Power_Disable();
     10e:	0e 94 8e 07 	call	0xf1c	; 0xf1c <Sensors_Power_Disable>
    //Calculate Temp and RH
    Sensors_HDC1080_Calculate();
     112:	0e 94 d5 09 	call	0x13aa	; 0x13aa <Sensors_HDC1080_Calculate>
    //Kernel Delay
    Kernel_Task_Sleep(SENSOR_TASK_SLEEP_DUR_MS/KER_TICK_TIME);
     116:	8c e2       	ldi	r24, 0x2C	; 44
     118:	91 e0       	ldi	r25, 0x01	; 1
     11a:	f1 cf       	rjmp	.-30     	; 0xfe <Task_Sensor+0x8>

0000011c <Task_Radio>:
  Add Kernel_Task_Sleep() if delay is necessary.
*/
__attribute__((noreturn)) void Task_Radio(void){
  
  //Radio init with deep sleep
  nRF24L01P_Init();
     11c:	0e 94 8b 04 	call	0x916	; 0x916 <nRF24L01P_Init>
  //Inrush current prevention at startup
  Kernel_Task_Sleep(2000/KER_TICK_TIME);
     120:	82 e0       	ldi	r24, 0x02	; 2
     122:	90 e0       	ldi	r25, 0x00	; 0
     124:	0e 94 f8 0c 	call	0x19f0	; 0x19f0 <Kernel_Task_Sleep>
  #endif
  
  while(1){
    
    //Process Node ID
    TaskData.Buf[0] = DEVICE_NODE_ID;
     128:	b0 e1       	ldi	r27, 0x10	; 16
     12a:	bb 2e       	mov	r11, r27
    TaskData.Buf[2] = (TaskData.uptime >> 16) & 0xFF;
    TaskData.Buf[3] = (TaskData.uptime >>  8) & 0xFF;
    TaskData.Buf[4] = (TaskData.uptime >>  0) & 0xFF;
    
    //Process Vin Data
    TaskData.Vin    = Peripherals_Vin_Get();
     12c:	c6 e8       	ldi	r28, 0x86	; 134
     12e:	d6 e0       	ldi	r29, 0x06	; 6
    TaskData.Buf[5] = TaskData.Vin >> 8;
    TaskData.Buf[6] = TaskData.Vin & 0xFF;

    //Process Sensor VDD Data
    TaskData.VSensor = Peripherals_V3V3_Get();
     130:	a2 e0       	ldi	r26, 0x02	; 2
     132:	ca 2e       	mov	r12, r26
     134:	d1 2c       	mov	r13, r1
     136:	cc 0e       	add	r12, r28
     138:	dd 1e       	adc	r13, r29
    TaskData.DTemp   = Peripherals_Digital_Temp_Get();
    TaskData.Buf[11] = TaskData.DTemp >> 8;
    TaskData.Buf[12] = TaskData.DTemp & 0xFF;
    
    //Process Digital RH Data
    TaskData.DRH     = Peripherals_Digital_RH_Get();
     13a:	f8 e0       	ldi	r31, 0x08	; 8
     13c:	ef 2e       	mov	r14, r31
     13e:	f1 2c       	mov	r15, r1
     140:	ec 0e       	add	r14, r28
     142:	fd 1e       	adc	r15, r29
    TaskData.Buf[13] = TaskData.DRH ;
    
    //Process CRC16
    TaskData.CRC16   = nRF24L01P_Calcuate_CRC_Block(TaskData.Buf, 14);
     144:	8e 01       	movw	r16, r28
     146:	02 5d       	subi	r16, 0xD2	; 210
     148:	1f 4f       	sbci	r17, 0xFF	; 255
  #endif
  
  while(1){
    
    //Process Node ID
    TaskData.Buf[0] = DEVICE_NODE_ID;
     14a:	b0 92 90 06 	sts	0x0690, r11
    
    //Process UpTime
    TaskData.uptime = Kernel_Tick_Val_Get();
     14e:	0e 94 d2 0e 	call	0x1da4	; 0x1da4 <Kernel_Tick_Val_Get>
     152:	60 93 b0 06 	sts	0x06B0, r22
     156:	70 93 b1 06 	sts	0x06B1, r23
     15a:	80 93 b2 06 	sts	0x06B2, r24
     15e:	90 93 b3 06 	sts	0x06B3, r25
    TaskData.Buf[1] = (TaskData.uptime >> 24) & 0xFF;
     162:	29 2f       	mov	r18, r25
     164:	33 27       	eor	r19, r19
     166:	44 27       	eor	r20, r20
     168:	55 27       	eor	r21, r21
     16a:	20 93 91 06 	sts	0x0691, r18
    TaskData.Buf[2] = (TaskData.uptime >> 16) & 0xFF;
     16e:	9c 01       	movw	r18, r24
     170:	44 27       	eor	r20, r20
     172:	55 27       	eor	r21, r21
     174:	20 93 92 06 	sts	0x0692, r18
    TaskData.Buf[3] = (TaskData.uptime >>  8) & 0xFF;
     178:	27 2f       	mov	r18, r23
     17a:	38 2f       	mov	r19, r24
     17c:	49 2f       	mov	r20, r25
     17e:	55 27       	eor	r21, r21
     180:	20 93 93 06 	sts	0x0693, r18
    TaskData.Buf[4] = (TaskData.uptime >>  0) & 0xFF;
     184:	60 93 94 06 	sts	0x0694, r22
    
    //Process Vin Data
    TaskData.Vin    = Peripherals_Vin_Get();
     188:	0e 94 1d 07 	call	0xe3a	; 0xe3a <Peripherals_Vin_Get>
     18c:	80 93 86 06 	sts	0x0686, r24
     190:	99 83       	std	Y+1, r25	; 0x01
    TaskData.Buf[5] = TaskData.Vin >> 8;
     192:	90 93 95 06 	sts	0x0695, r25
    TaskData.Buf[6] = TaskData.Vin & 0xFF;
     196:	80 93 96 06 	sts	0x0696, r24

    //Process Sensor VDD Data
    TaskData.VSensor = Peripherals_V3V3_Get();
     19a:	0e 94 27 07 	call	0xe4e	; 0xe4e <Peripherals_V3V3_Get>
     19e:	80 93 88 06 	sts	0x0688, r24
     1a2:	f6 01       	movw	r30, r12
     1a4:	91 83       	std	Z+1, r25	; 0x01
    TaskData.Buf[7]  = TaskData.VSensor >> 8;
     1a6:	90 93 97 06 	sts	0x0697, r25
    TaskData.Buf[8]  = TaskData.VSensor & 0xFF;
     1aa:	80 93 98 06 	sts	0x0698, r24
    
    //Process Analog Temp Data
    TaskData.ATemp   = Peripherals_Analog_Temp_Get(); 
     1ae:	0e 94 2c 07 	call	0xe58	; 0xe58 <Peripherals_Analog_Temp_Get>
     1b2:	90 93 8b 06 	sts	0x068B, r25
     1b6:	80 93 8a 06 	sts	0x068A, r24
    TaskData.Buf[9]  = TaskData.ATemp >> 8;
     1ba:	29 2f       	mov	r18, r25
     1bc:	33 27       	eor	r19, r19
     1be:	27 fd       	sbrc	r18, 7
     1c0:	3a 95       	dec	r19
     1c2:	20 93 99 06 	sts	0x0699, r18
    TaskData.Buf[10] = TaskData.ATemp & 0xFF;
     1c6:	80 93 9a 06 	sts	0x069A, r24
    
    //Process Digital Temp Data
    TaskData.DTemp   = Peripherals_Digital_Temp_Get();
     1ca:	0e 94 32 07 	call	0xe64	; 0xe64 <Peripherals_Digital_Temp_Get>
     1ce:	90 93 8d 06 	sts	0x068D, r25
     1d2:	80 93 8c 06 	sts	0x068C, r24
    TaskData.Buf[11] = TaskData.DTemp >> 8;
     1d6:	29 2f       	mov	r18, r25
     1d8:	33 27       	eor	r19, r19
     1da:	27 fd       	sbrc	r18, 7
     1dc:	3a 95       	dec	r19
     1de:	20 93 9b 06 	sts	0x069B, r18
    TaskData.Buf[12] = TaskData.DTemp & 0xFF;
     1e2:	80 93 9c 06 	sts	0x069C, r24
    
    //Process Digital RH Data
    TaskData.DRH     = Peripherals_Digital_RH_Get();
     1e6:	0e 94 2f 07 	call	0xe5e	; 0xe5e <Peripherals_Digital_RH_Get>
     1ea:	80 93 8e 06 	sts	0x068E, r24
     1ee:	f7 01       	movw	r30, r14
     1f0:	91 83       	std	Z+1, r25	; 0x01
    TaskData.Buf[13] = TaskData.DRH ;
     1f2:	80 93 9d 06 	sts	0x069D, r24
    
    //Process CRC16
    TaskData.CRC16   = nRF24L01P_Calcuate_CRC_Block(TaskData.Buf, 14);
     1f6:	80 e9       	ldi	r24, 0x90	; 144
     1f8:	96 e0       	ldi	r25, 0x06	; 6
     1fa:	6e e0       	ldi	r22, 0x0E	; 14
     1fc:	0e 94 05 02 	call	0x40a	; 0x40a <nRF24L01P_Calcuate_CRC_Block>
     200:	80 93 b4 06 	sts	0x06B4, r24
     204:	f8 01       	movw	r30, r16
     206:	91 83       	std	Z+1, r25	; 0x01
    TaskData.Buf[14] = TaskData.CRC16 >> 8;
     208:	90 93 9e 06 	sts	0x069E, r25
    TaskData.Buf[15] = TaskData.CRC16 & 0xFF;
     20c:	80 93 9f 06 	sts	0x069F, r24
    for(uint8_t i=0; i<16; i++){
      Debug_Tx_Byte(TaskData.Buf[i]);
    }
    #endif
    
    nRF24L01P_WakeUp();
     210:	0e 94 7f 04 	call	0x8fe	; 0x8fe <nRF24L01P_WakeUp>
    nRF24L01P_Transmit_Basic(TaskData.Buf, 16);
     214:	80 e9       	ldi	r24, 0x90	; 144
     216:	96 e0       	ldi	r25, 0x06	; 6
     218:	60 e1       	ldi	r22, 0x10	; 16
     21a:	0e 94 64 05 	call	0xac8	; 0xac8 <nRF24L01P_Transmit_Basic>
    nRF24L01P_Deep_Sleep();
     21e:	0e 94 73 04 	call	0x8e6	; 0x8e6 <nRF24L01P_Deep_Sleep>
    nRF24L01P_Error_Handler();
     222:	0e 94 1b 06 	call	0xc36	; 0xc36 <nRF24L01P_Error_Handler>
    
    //Kernel Delay
    Kernel_Task_Sleep(RADIO_TASK_SLEEP_DUR_MS/KER_TICK_TIME);
     226:	8c e2       	ldi	r24, 0x2C	; 44
     228:	91 e0       	ldi	r25, 0x01	; 1
     22a:	0e 94 f8 0c 	call	0x19f0	; 0x19f0 <Kernel_Task_Sleep>
     22e:	8d cf       	rjmp	.-230    	; 0x14a <Task_Radio+0x2e>

00000230 <Task_Vin_Sense>:
  Add Kernel_Task_Sleep() if delay is necessary.
*/
__attribute__((noreturn)) void Task_Vin_Sense(void){
  
  //Init VinSense
  DDRD  |= (1<<2);
     230:	52 9a       	sbi	0x0a, 2	; 10
  //Disable VinSense
  PORTD &=~(1<<2);
     232:	5a 98       	cbi	0x0b, 2	; 11
  //Inrush current prevention at startup
  Kernel_Task_Sleep(2000/KER_TICK_TIME);
     234:	82 e0       	ldi	r24, 0x02	; 2
     236:	90 e0       	ldi	r25, 0x00	; 0
     238:	0e 94 f8 0c 	call	0x19f0	; 0x19f0 <Kernel_Task_Sleep>
  
  while(1){
    
    //Vin Sample
    Peripherals_Vin_Sense_Sample();
     23c:	0e 94 aa 06 	call	0xd54	; 0xd54 <Peripherals_Vin_Sense_Sample>
    //Kernel Delay
    Kernel_Task_Sleep(VIN_TASK_SLEEP_DUR_MS/KER_TICK_TIME);
     240:	8c e3       	ldi	r24, 0x3C	; 60
     242:	90 e0       	ldi	r25, 0x00	; 0
     244:	f9 cf       	rjmp	.-14     	; 0x238 <Task_Vin_Sense+0x8>

00000246 <Task_RGB_LED>:
  Add Kernel_Task_Sleep() if delay is necessary.
*/
__attribute__((noreturn)) void Task_RGB_LED(void){
  
  //Init RGB GPIOs
  RGB_Init();
     246:	0e 94 35 07 	call	0xe6a	; 0xe6a <RGB_Init>
  //Inrush current prevention at startup
  Kernel_Task_Sleep(2000/KER_TICK_TIME);
     24a:	82 e0       	ldi	r24, 0x02	; 2
     24c:	90 e0       	ldi	r25, 0x00	; 0
     24e:	0e 94 f8 0c 	call	0x19f0	; 0x19f0 <Kernel_Task_Sleep>
    milliseconds can be achieved.
 */
void
_delay_loop_2(uint16_t __count)
{
	__asm__ volatile (
     252:	c8 ee       	ldi	r28, 0xE8	; 232
     254:	d3 e0       	ldi	r29, 0x03	; 3
  
  
  while(1){
    
    //Red LED on
    if(Peripherals_Vin_Get() > 2800){
     256:	0e 94 1d 07 	call	0xe3a	; 0xe3a <Peripherals_Vin_Get>
     25a:	81 5f       	subi	r24, 0xF1	; 241
     25c:	9a 40       	sbci	r25, 0x0A	; 10
     25e:	18 f0       	brcs	.+6      	; 0x266 <Task_RGB_LED+0x20>
      RGB_Set_State(0,1,0);
     260:	80 e0       	ldi	r24, 0x00	; 0
     262:	61 e0       	ldi	r22, 0x01	; 1
     264:	02 c0       	rjmp	.+4      	; 0x26a <Task_RGB_LED+0x24>
    }
    else{
      RGB_Set_State(1,0,0);
     266:	81 e0       	ldi	r24, 0x01	; 1
     268:	60 e0       	ldi	r22, 0x00	; 0
     26a:	40 e0       	ldi	r20, 0x00	; 0
     26c:	0e 94 3c 07 	call	0xe78	; 0xe78 <RGB_Set_State>
     270:	ce 01       	movw	r24, r28
     272:	01 97       	sbiw	r24, 0x01	; 1
     274:	f1 f7       	brne	.-4      	; 0x272 <Task_RGB_LED+0x2c>
    
    //Blocking delay
    _delay_us(1000);
    
    //Red LED off
    RGB_Set_State(0,0,0);
     276:	80 e0       	ldi	r24, 0x00	; 0
     278:	60 e0       	ldi	r22, 0x00	; 0
     27a:	40 e0       	ldi	r20, 0x00	; 0
     27c:	0e 94 3c 07 	call	0xe78	; 0xe78 <RGB_Set_State>
    
    //Kernel Delay
    Kernel_Task_Sleep(RGB_LED_TASK_SLEEP_DUR_MS/KER_TICK_TIME);
     280:	8e e1       	ldi	r24, 0x1E	; 30
     282:	90 e0       	ldi	r25, 0x00	; 0
     284:	0e 94 f8 0c 	call	0x19f0	; 0x19f0 <Kernel_Task_Sleep>
     288:	e6 cf       	rjmp	.-52     	; 0x256 <Task_RGB_LED+0x10>

0000028a <nRF24L01P_Struct_Init>:

nrf24l01p_t nRF24L01P_type;
nrf24l01p_t *nRF24L01P;

void nRF24L01P_Struct_Init(void){
  nRF24L01P=&nRF24L01P_type;
     28a:	86 eb       	ldi	r24, 0xB6	; 182
     28c:	96 e0       	ldi	r25, 0x06	; 6
     28e:	90 93 ca 06 	sts	0x06CA, r25
     292:	80 93 c9 06 	sts	0x06C9, r24
  nRF24L01P->Mode=0x04;
     296:	84 e0       	ldi	r24, 0x04	; 4
     298:	80 93 b6 06 	sts	0x06B6, r24
  nRF24L01P->TempBuf[0]=0x00;
     29c:	10 92 b7 06 	sts	0x06B7, r1
  nRF24L01P->TempBuf[1]=0x00;
     2a0:	10 92 b8 06 	sts	0x06B8, r1
  nRF24L01P->Address.Own=0x00;
     2a4:	10 92 b9 06 	sts	0x06B9, r1
  nRF24L01P->Address.Dest=0x01;
     2a8:	21 e0       	ldi	r18, 0x01	; 1
     2aa:	20 93 ba 06 	sts	0x06BA, r18
  nRF24L01P->Config.RxTimeout=10;
     2ae:	8a e0       	ldi	r24, 0x0A	; 10
     2b0:	90 e0       	ldi	r25, 0x00	; 0
     2b2:	90 93 bc 06 	sts	0x06BC, r25
     2b6:	80 93 bb 06 	sts	0x06BB, r24
  nRF24L01P->Config.RxTicks=0;
     2ba:	10 92 be 06 	sts	0x06BE, r1
     2be:	10 92 bd 06 	sts	0x06BD, r1
  nRF24L01P->Config.MaxDataLength=0;
     2c2:	10 92 bf 06 	sts	0x06BF, r1
  nRF24L01P->Config.MaxRetry=0;
     2c6:	10 92 c1 06 	sts	0x06C1, r1
     2ca:	10 92 c0 06 	sts	0x06C0, r1
  nRF24L01P->Config.RetryOccured=0;
     2ce:	10 92 c3 06 	sts	0x06C3, r1
     2d2:	10 92 c2 06 	sts	0x06C2, r1
  nRF24L01P->Packet.PID=0;
     2d6:	10 92 c4 06 	sts	0x06C4, r1
  nRF24L01P->Packet.ACKReq=1;
     2da:	20 93 c5 06 	sts	0x06C5, r18
  nRF24L01P->ErrorTicks=0;
     2de:	10 92 c7 06 	sts	0x06C7, r1
     2e2:	10 92 c6 06 	sts	0x06C6, r1
  nRF24L01P->Error=0;
     2e6:	10 92 c8 06 	sts	0x06C8, r1
}
     2ea:	08 95       	ret

000002ec <nRF24L01P_CSN_High>:

void nRF24L01P_CSN_High(void){
  nRF24L01P_CSN_PORT|= (1<<nRF24L01P_CSN_bp);
     2ec:	2a 9a       	sbi	0x05, 2	; 5
}
     2ee:	08 95       	ret

000002f0 <nRF24L01P_CSN_Low>:

void nRF24L01P_CSN_Low(void){
  nRF24L01P_CSN_PORT&=~(1<<nRF24L01P_CSN_bp);
     2f0:	2a 98       	cbi	0x05, 2	; 5
}
     2f2:	08 95       	ret

000002f4 <nRF24L01P_CE_High>:

void nRF24L01P_CE_High(void){
  nRF24L01P_CE_PORT|= (1<<nRF24L01P_CE_bp);
     2f4:	29 9a       	sbi	0x05, 1	; 5
}
     2f6:	08 95       	ret

000002f8 <nRF24L01P_CE_Low>:

void nRF24L01P_CE_Low(void){
  nRF24L01P_CE_PORT&=~(1<<nRF24L01P_CE_bp);
     2f8:	29 98       	cbi	0x05, 1	; 5
}
     2fa:	08 95       	ret

000002fc <nRF24L01P_Enable_GPIO>:

void nRF24L01P_Enable_GPIO(void){
  DDRB |= (1<<5)|(1<<3)|(1<<2);
     2fc:	84 b1       	in	r24, 0x04	; 4
     2fe:	8c 62       	ori	r24, 0x2C	; 44
     300:	84 b9       	out	0x04, r24	; 4
  DDRB &=~(1<<4);
     302:	24 98       	cbi	0x04, 4	; 4
  nRF24L01P_CSN_DDR |= (1<<nRF24L01P_CSN_bp);
     304:	22 9a       	sbi	0x04, 2	; 4
  nRF24L01P_CE_DDR  |= (1<<nRF24L01P_CE_bp) ;
     306:	21 9a       	sbi	0x04, 1	; 4
  nRF24L01P->ErrorTicks=0;
  nRF24L01P->Error=0;
}

void nRF24L01P_CSN_High(void){
  nRF24L01P_CSN_PORT|= (1<<nRF24L01P_CSN_bp);
     308:	2a 9a       	sbi	0x05, 2	; 5
void nRF24L01P_CE_High(void){
  nRF24L01P_CE_PORT|= (1<<nRF24L01P_CE_bp);
}

void nRF24L01P_CE_Low(void){
  nRF24L01P_CE_PORT&=~(1<<nRF24L01P_CE_bp);
     30a:	29 98       	cbi	0x05, 1	; 5
  DDRB &=~(1<<4);
  nRF24L01P_CSN_DDR |= (1<<nRF24L01P_CSN_bp);
  nRF24L01P_CE_DDR  |= (1<<nRF24L01P_CE_bp) ;
  nRF24L01P_CSN_High();
  nRF24L01P_CE_Low()  ;
}
     30c:	08 95       	ret

0000030e <nRF24L01P_Disable_GPIO>:

void nRF24L01P_Disable_GPIO(void){
  DDRB |= (1<<4);                              
     30e:	24 9a       	sbi	0x04, 4	; 4
  PORTB&=~((1<<5)|(1<<4)|(1<<3)|(1<<2));
     310:	85 b1       	in	r24, 0x05	; 5
     312:	83 7c       	andi	r24, 0xC3	; 195
     314:	85 b9       	out	0x05, r24	; 5
  nRF24L01P->ErrorTicks=0;
  nRF24L01P->Error=0;
}

void nRF24L01P_CSN_High(void){
  nRF24L01P_CSN_PORT|= (1<<nRF24L01P_CSN_bp);
     316:	2a 9a       	sbi	0x05, 2	; 5
void nRF24L01P_CE_High(void){
  nRF24L01P_CE_PORT|= (1<<nRF24L01P_CE_bp);
}

void nRF24L01P_CE_Low(void){
  nRF24L01P_CE_PORT&=~(1<<nRF24L01P_CE_bp);
     318:	29 98       	cbi	0x05, 1	; 5
void nRF24L01P_Disable_GPIO(void){
  DDRB |= (1<<4);                              
  PORTB&=~((1<<5)|(1<<4)|(1<<3)|(1<<2));
  nRF24L01P_CSN_High(); 
  nRF24L01P_CE_Low() ;  
}
     31a:	08 95       	ret

0000031c <nRF24L01P_Enable_SPI>:

void nRF24L01P_Enable_SPI(void){
  SPCR=(1<<SPE)|(1<<MSTR);                     
     31c:	80 e5       	ldi	r24, 0x50	; 80
     31e:	8c bd       	out	0x2c, r24	; 44
  SPSR=(1<<SPI2X);                             
     320:	81 e0       	ldi	r24, 0x01	; 1
     322:	8d bd       	out	0x2d, r24	; 45
}
     324:	08 95       	ret

00000326 <nRF24L01P_Disable_SPI>:

void nRF24L01P_Disable_SPI(void){                 
  SPCR=0x00;
     326:	1c bc       	out	0x2c, r1	; 44
  SPSR=0x00;
     328:	1d bc       	out	0x2d, r1	; 45
}
     32a:	08 95       	ret

0000032c <nRF24L01P_Enable>:

void nRF24L01P_Enable(void){
  nRF24L01P_Enable_GPIO();
     32c:	0e 94 7e 01 	call	0x2fc	; 0x2fc <nRF24L01P_Enable_GPIO>
  nRF24L01P_CSN_High(); 
  nRF24L01P_CE_Low() ;  
}

void nRF24L01P_Enable_SPI(void){
  SPCR=(1<<SPE)|(1<<MSTR);                     
     330:	80 e5       	ldi	r24, 0x50	; 80
     332:	8c bd       	out	0x2c, r24	; 44
  SPSR=(1<<SPI2X);                             
     334:	81 e0       	ldi	r24, 0x01	; 1
     336:	8d bd       	out	0x2d, r24	; 45
}

void nRF24L01P_Enable(void){
  nRF24L01P_Enable_GPIO();
  nRF24L01P_Enable_SPI();
}
     338:	08 95       	ret

0000033a <nRF24L01P_Disable>:
  SPCR=(1<<SPE)|(1<<MSTR);                     
  SPSR=(1<<SPI2X);                             
}

void nRF24L01P_Disable_SPI(void){                 
  SPCR=0x00;
     33a:	1c bc       	out	0x2c, r1	; 44
  SPSR=0x00;
     33c:	1d bc       	out	0x2d, r1	; 45
  nRF24L01P_Enable_SPI();
}

void nRF24L01P_Disable(void){
  nRF24L01P_Disable_SPI();
  nRF24L01P_Disable_GPIO();
     33e:	0e 94 87 01 	call	0x30e	; 0x30e <nRF24L01P_Disable_GPIO>
}
     342:	08 95       	ret

00000344 <nRF24L01P_Error_Clear>:

void nRF24L01P_Error_Clear(void){
  nRF24L01P->ErrorTicks=0;
     344:	e0 91 c9 06 	lds	r30, 0x06C9
     348:	f0 91 ca 06 	lds	r31, 0x06CA
     34c:	11 8a       	std	Z+17, r1	; 0x11
     34e:	10 8a       	std	Z+16, r1	; 0x10
  nRF24L01P->Error=0;
     350:	12 8a       	std	Z+18, r1	; 0x12
}
     352:	08 95       	ret

00000354 <nRF24L01P_Get_Error>:

uint8_t nRF24L01P_Get_Error(void){
     354:	e0 91 c9 06 	lds	r30, 0x06C9
     358:	f0 91 ca 06 	lds	r31, 0x06CA
  return nRF24L01P->Error;
}
     35c:	82 89       	ldd	r24, Z+18	; 0x12
     35e:	08 95       	ret

00000360 <nRF24L01P_No_Error>:

uint8_t nRF24L01P_No_Error(void){
     360:	90 e0       	ldi	r25, 0x00	; 0
     362:	e0 91 c9 06 	lds	r30, 0x06C9
     366:	f0 91 ca 06 	lds	r31, 0x06CA
     36a:	82 89       	ldd	r24, Z+18	; 0x12
     36c:	88 23       	and	r24, r24
     36e:	09 f4       	brne	.+2      	; 0x372 <nRF24L01P_No_Error+0x12>
     370:	91 e0       	ldi	r25, 0x01	; 1
  if(nRF24L01P_Get_Error()==0){
    return 1;
  }else{
    return 0;
  }
}
     372:	89 2f       	mov	r24, r25
     374:	08 95       	ret

00000376 <nRF24L01P_Error_Timeout>:
    can be achieved.
*/
void
_delay_loop_1(uint8_t __count)
{
	__asm__ volatile (
     376:	81 e0       	ldi	r24, 0x01	; 1
     378:	8a 95       	dec	r24
     37a:	f1 f7       	brne	.-4      	; 0x378 <nRF24L01P_Error_Timeout+0x2>

uint8_t nRF24L01P_Error_Timeout(void){
  _delay_us(1);
  nRF24L01P->ErrorTicks++;
     37c:	e0 91 c9 06 	lds	r30, 0x06C9
     380:	f0 91 ca 06 	lds	r31, 0x06CA
     384:	80 89       	ldd	r24, Z+16	; 0x10
     386:	91 89       	ldd	r25, Z+17	; 0x11
     388:	01 96       	adiw	r24, 0x01	; 1
     38a:	91 8b       	std	Z+17, r25	; 0x11
     38c:	80 8b       	std	Z+16, r24	; 0x10
  if(nRF24L01P->ErrorTicks>1000){
     38e:	89 5e       	subi	r24, 0xE9	; 233
     390:	93 40       	sbci	r25, 0x03	; 3
     392:	20 f0       	brcs	.+8      	; 0x39c <nRF24L01P_Error_Timeout+0x26>
    nRF24L01P->ErrorTicks=0;
     394:	11 8a       	std	Z+17, r1	; 0x11
     396:	10 8a       	std	Z+16, r1	; 0x10
    nRF24L01P->Error=0x10;
     398:	80 e1       	ldi	r24, 0x10	; 16
     39a:	82 8b       	std	Z+18, r24	; 0x12
  }
  return nRF24L01P->Error;
}
     39c:	82 89       	ldd	r24, Z+18	; 0x12
     39e:	08 95       	ret

000003a0 <nRF24L01P_SPI_Transfer>:

uint8_t nRF24L01P_SPI_Transfer(uint8_t data){
     3a0:	98 2f       	mov	r25, r24
  nRF24L01P->ErrorTicks=0;
  nRF24L01P->Error=0;
}

uint8_t nRF24L01P_Get_Error(void){
  return nRF24L01P->Error;
     3a2:	e0 91 c9 06 	lds	r30, 0x06C9
     3a6:	f0 91 ca 06 	lds	r31, 0x06CA
}

uint8_t nRF24L01P_No_Error(void){
  if(nRF24L01P_Get_Error()==0){
     3aa:	82 89       	ldd	r24, Z+18	; 0x12
     3ac:	88 23       	and	r24, r24
     3ae:	a9 f4       	brne	.+42     	; 0x3da <nRF24L01P_SPI_Transfer+0x3a>
}

uint8_t nRF24L01P_SPI_Transfer(uint8_t data){
  uint8_t sts=0;
  if(nRF24L01P_No_Error()){
    SPDR = data;
     3b0:	9e bd       	out	0x2e, r25	; 46
  nRF24L01P_Disable_SPI();
  nRF24L01P_Disable_GPIO();
}

void nRF24L01P_Error_Clear(void){
  nRF24L01P->ErrorTicks=0;
     3b2:	11 8a       	std	Z+17, r1	; 0x11
     3b4:	10 8a       	std	Z+16, r1	; 0x10
  nRF24L01P->Error=0;
     3b6:	12 8a       	std	Z+18, r1	; 0x12
     3b8:	04 c0       	rjmp	.+8      	; 0x3c2 <nRF24L01P_SPI_Transfer+0x22>
  uint8_t sts=0;
  if(nRF24L01P_No_Error()){
    SPDR = data;
    nRF24L01P_Error_Clear();
    while(!(SPSR & (1 << SPIF))){
      if(nRF24L01P_Error_Timeout()){
     3ba:	0e 94 bb 01 	call	0x376	; 0x376 <nRF24L01P_Error_Timeout>
     3be:	88 23       	and	r24, r24
     3c0:	19 f4       	brne	.+6      	; 0x3c8 <nRF24L01P_SPI_Transfer+0x28>
uint8_t nRF24L01P_SPI_Transfer(uint8_t data){
  uint8_t sts=0;
  if(nRF24L01P_No_Error()){
    SPDR = data;
    nRF24L01P_Error_Clear();
    while(!(SPSR & (1 << SPIF))){
     3c2:	0d b4       	in	r0, 0x2d	; 45
     3c4:	07 fe       	sbrs	r0, 7
     3c6:	f9 cf       	rjmp	.-14     	; 0x3ba <nRF24L01P_SPI_Transfer+0x1a>
uint8_t nRF24L01P_Get_Error(void){
  return nRF24L01P->Error;
}

uint8_t nRF24L01P_No_Error(void){
  if(nRF24L01P_Get_Error()==0){
     3c8:	e0 91 c9 06 	lds	r30, 0x06C9
     3cc:	f0 91 ca 06 	lds	r31, 0x06CA
     3d0:	82 89       	ldd	r24, Z+18	; 0x12
     3d2:	88 23       	and	r24, r24
     3d4:	11 f4       	brne	.+4      	; 0x3da <nRF24L01P_SPI_Transfer+0x3a>
	    sts=0;
	    break;
	  }
    }
    if(nRF24L01P_No_Error()){
      sts=SPDR;
     3d6:	8e b5       	in	r24, 0x2e	; 46
     3d8:	08 95       	ret
     3da:	80 e0       	ldi	r24, 0x00	; 0
    }
  }else{
    sts=0;
  }
  return sts;
}
     3dc:	08 95       	ret

000003de <nRF24L01P_Calcuate_CRC>:

uint16_t nRF24L01P_Calcuate_CRC(uint16_t crc, uint8_t data){
  crc=crc^((uint16_t)data<<8);
     3de:	36 2f       	mov	r19, r22
     3e0:	20 e0       	ldi	r18, 0x00	; 0
     3e2:	28 27       	eor	r18, r24
     3e4:	39 27       	eor	r19, r25
     3e6:	40 e0       	ldi	r20, 0x00	; 0
  for(uint8_t i=0;i<8;i++){
    if(crc & 0x8000){
	  crc=(crc<<1)^0x1021;
     3e8:	61 e2       	ldi	r22, 0x21	; 33
     3ea:	70 e1       	ldi	r23, 0x10	; 16
     3ec:	c9 01       	movw	r24, r18
     3ee:	88 0f       	add	r24, r24
     3f0:	99 1f       	adc	r25, r25
}

uint16_t nRF24L01P_Calcuate_CRC(uint16_t crc, uint8_t data){
  crc=crc^((uint16_t)data<<8);
  for(uint8_t i=0;i<8;i++){
    if(crc & 0x8000){
     3f2:	37 ff       	sbrs	r19, 7
     3f4:	04 c0       	rjmp	.+8      	; 0x3fe <KER_TR+0x16>
	  crc=(crc<<1)^0x1021;
     3f6:	9c 01       	movw	r18, r24
     3f8:	26 27       	eor	r18, r22
     3fa:	37 27       	eor	r19, r23
     3fc:	01 c0       	rjmp	.+2      	; 0x400 <KER_TR+0x18>
	}
    else{
	  crc<<=1;
     3fe:	9c 01       	movw	r18, r24
  return sts;
}

uint16_t nRF24L01P_Calcuate_CRC(uint16_t crc, uint8_t data){
  crc=crc^((uint16_t)data<<8);
  for(uint8_t i=0;i<8;i++){
     400:	4f 5f       	subi	r20, 0xFF	; 255
     402:	48 30       	cpi	r20, 0x08	; 8
     404:	99 f7       	brne	.-26     	; 0x3ec <KER_TR+0x4>
    else{
	  crc<<=1;
	}
  }
  return crc;
}
     406:	c9 01       	movw	r24, r18
     408:	08 95       	ret

0000040a <nRF24L01P_Calcuate_CRC_Block>:

uint16_t nRF24L01P_Calcuate_CRC_Block(uint8_t *buf, uint8_t len){
     40a:	0f 93       	push	r16
     40c:	1f 93       	push	r17
     40e:	cf 93       	push	r28
     410:	df 93       	push	r29
     412:	06 2f       	mov	r16, r22
     414:	ec 01       	movw	r28, r24
     416:	20 e0       	ldi	r18, 0x00	; 0
     418:	30 e0       	ldi	r19, 0x00	; 0
     41a:	10 e0       	ldi	r17, 0x00	; 0
     41c:	06 c0       	rjmp	.+12     	; 0x42a <nRF24L01P_Calcuate_CRC_Block+0x20>
  uint16_t crc=0;
  for(uint8_t i=0;i<len;i++){
    crc=nRF24L01P_Calcuate_CRC(crc,buf[i]);
     41e:	c9 01       	movw	r24, r18
     420:	69 91       	ld	r22, Y+
     422:	0e 94 ef 01 	call	0x3de	; 0x3de <nRF24L01P_Calcuate_CRC>
     426:	9c 01       	movw	r18, r24
  return crc;
}

uint16_t nRF24L01P_Calcuate_CRC_Block(uint8_t *buf, uint8_t len){
  uint16_t crc=0;
  for(uint8_t i=0;i<len;i++){
     428:	1f 5f       	subi	r17, 0xFF	; 255
     42a:	10 17       	cp	r17, r16
     42c:	c0 f3       	brcs	.-16     	; 0x41e <nRF24L01P_Calcuate_CRC_Block+0x14>
    crc=nRF24L01P_Calcuate_CRC(crc,buf[i]);
  }
  return crc;
}
     42e:	c9 01       	movw	r24, r18
     430:	df 91       	pop	r29
     432:	cf 91       	pop	r28
     434:	1f 91       	pop	r17
     436:	0f 91       	pop	r16
     438:	08 95       	ret

0000043a <nRF24L01P_ReadWrite_Register>:


void nRF24L01P_ReadWrite_Register(uint8_t reg, uint8_t rw, uint8_t *data, uint8_t len){
     43a:	ff 92       	push	r15
     43c:	0f 93       	push	r16
     43e:	1f 93       	push	r17
     440:	cf 93       	push	r28
     442:	df 93       	push	r29
     444:	98 2f       	mov	r25, r24
     446:	14 2f       	mov	r17, r20
     448:	05 2f       	mov	r16, r21
     44a:	f2 2e       	mov	r15, r18
uint8_t nRF24L01P_Get_Error(void){
  return nRF24L01P->Error;
}

uint8_t nRF24L01P_No_Error(void){
  if(nRF24L01P_Get_Error()==0){
     44c:	e0 91 c9 06 	lds	r30, 0x06C9
     450:	f0 91 ca 06 	lds	r31, 0x06CA
     454:	82 89       	ldd	r24, Z+18	; 0x12
     456:	88 23       	and	r24, r24
     458:	29 f5       	brne	.+74     	; 0x4a4 <nRF24L01P_ReadWrite_Register+0x6a>
void nRF24L01P_CSN_High(void){
  nRF24L01P_CSN_PORT|= (1<<nRF24L01P_CSN_bp);
}

void nRF24L01P_CSN_Low(void){
  nRF24L01P_CSN_PORT&=~(1<<nRF24L01P_CSN_bp);
     45a:	2a 98       	cbi	0x05, 2	; 5


void nRF24L01P_ReadWrite_Register(uint8_t reg, uint8_t rw, uint8_t *data, uint8_t len){
  if(nRF24L01P_No_Error()){
    nRF24L01P_CSN_Low();
    if(rw==0){
     45c:	66 23       	and	r22, r22
     45e:	89 f4       	brne	.+34     	; 0x482 <nRF24L01P_ReadWrite_Register+0x48>
      reg|=0x20;
	    nRF24L01P_SPI_Transfer(reg);
     460:	89 2f       	mov	r24, r25
     462:	80 62       	ori	r24, 0x20	; 32
     464:	0e 94 d0 01 	call	0x3a0	; 0x3a0 <nRF24L01P_SPI_Transfer>
     468:	81 2f       	mov	r24, r17
     46a:	90 2f       	mov	r25, r16
     46c:	9c 01       	movw	r18, r24
     46e:	e9 01       	movw	r28, r18
     470:	10 e0       	ldi	r17, 0x00	; 0
     472:	04 c0       	rjmp	.+8      	; 0x47c <nRF24L01P_ReadWrite_Register+0x42>
	    for(uint8_t i=0;i<len;i++){
	      nRF24L01P_SPI_Transfer(data[i]);
     474:	89 91       	ld	r24, Y+
     476:	0e 94 d0 01 	call	0x3a0	; 0x3a0 <nRF24L01P_SPI_Transfer>
  if(nRF24L01P_No_Error()){
    nRF24L01P_CSN_Low();
    if(rw==0){
      reg|=0x20;
	    nRF24L01P_SPI_Transfer(reg);
	    for(uint8_t i=0;i<len;i++){
     47a:	1f 5f       	subi	r17, 0xFF	; 255
     47c:	1f 15       	cp	r17, r15
     47e:	d0 f3       	brcs	.-12     	; 0x474 <nRF24L01P_ReadWrite_Register+0x3a>
     480:	10 c0       	rjmp	.+32     	; 0x4a2 <nRF24L01P_ReadWrite_Register+0x68>
	      nRF24L01P_SPI_Transfer(data[i]);
	    }
    }else{
      nRF24L01P_SPI_Transfer(reg);
     482:	89 2f       	mov	r24, r25
     484:	0e 94 d0 01 	call	0x3a0	; 0x3a0 <nRF24L01P_SPI_Transfer>
     488:	81 2f       	mov	r24, r17
     48a:	90 2f       	mov	r25, r16
     48c:	9c 01       	movw	r18, r24
     48e:	e9 01       	movw	r28, r18
     490:	10 e0       	ldi	r17, 0x00	; 0
     492:	05 c0       	rjmp	.+10     	; 0x49e <nRF24L01P_ReadWrite_Register+0x64>
      for(uint8_t i=0;i<len;i++){
        data[i]=nRF24L01P_SPI_Transfer(0xFF);
     494:	8f ef       	ldi	r24, 0xFF	; 255
     496:	0e 94 d0 01 	call	0x3a0	; 0x3a0 <nRF24L01P_SPI_Transfer>
     49a:	89 93       	st	Y+, r24
	    for(uint8_t i=0;i<len;i++){
	      nRF24L01P_SPI_Transfer(data[i]);
	    }
    }else{
      nRF24L01P_SPI_Transfer(reg);
      for(uint8_t i=0;i<len;i++){
     49c:	1f 5f       	subi	r17, 0xFF	; 255
     49e:	1f 15       	cp	r17, r15
     4a0:	c8 f3       	brcs	.-14     	; 0x494 <nRF24L01P_ReadWrite_Register+0x5a>
  nRF24L01P->ErrorTicks=0;
  nRF24L01P->Error=0;
}

void nRF24L01P_CSN_High(void){
  nRF24L01P_CSN_PORT|= (1<<nRF24L01P_CSN_bp);
     4a2:	2a 9a       	sbi	0x05, 2	; 5
        data[i]=nRF24L01P_SPI_Transfer(0xFF);
      }
    }
    nRF24L01P_CSN_High();
  }
}
     4a4:	df 91       	pop	r29
     4a6:	cf 91       	pop	r28
     4a8:	1f 91       	pop	r17
     4aa:	0f 91       	pop	r16
     4ac:	ff 90       	pop	r15
     4ae:	08 95       	ret

000004b0 <nRF24L01P_Flush_Transmit_Buffer>:
  nRF24L01P->ErrorTicks=0;
  nRF24L01P->Error=0;
}

uint8_t nRF24L01P_Get_Error(void){
  return nRF24L01P->Error;
     4b0:	e0 91 c9 06 	lds	r30, 0x06C9
     4b4:	f0 91 ca 06 	lds	r31, 0x06CA
}

uint8_t nRF24L01P_No_Error(void){
  if(nRF24L01P_Get_Error()==0){
     4b8:	82 89       	ldd	r24, Z+18	; 0x12
     4ba:	88 23       	and	r24, r24
     4bc:	39 f4       	brne	.+14     	; 0x4cc <nRF24L01P_Flush_Transmit_Buffer+0x1c>
  }
}

void nRF24L01P_Flush_Transmit_Buffer(void){
  if(nRF24L01P_No_Error()){
    nRF24L01P_ReadWrite_Register(0xE1,0,nRF24L01P->TempBuf,0);
     4be:	31 96       	adiw	r30, 0x01	; 1
     4c0:	81 ee       	ldi	r24, 0xE1	; 225
     4c2:	60 e0       	ldi	r22, 0x00	; 0
     4c4:	af 01       	movw	r20, r30
     4c6:	20 e0       	ldi	r18, 0x00	; 0
     4c8:	0e 94 1d 02 	call	0x43a	; 0x43a <nRF24L01P_ReadWrite_Register>
     4cc:	08 95       	ret

000004ce <nRF24L01P_Write_Data_To_Transmit_Buffer>:
  }
}

void nRF24L01P_Write_Data_To_Transmit_Buffer(uint8_t *data){
     4ce:	ac 01       	movw	r20, r24
uint8_t nRF24L01P_Get_Error(void){
  return nRF24L01P->Error;
}

uint8_t nRF24L01P_No_Error(void){
  if(nRF24L01P_Get_Error()==0){
     4d0:	e0 91 c9 06 	lds	r30, 0x06C9
     4d4:	f0 91 ca 06 	lds	r31, 0x06CA
     4d8:	82 89       	ldd	r24, Z+18	; 0x12
     4da:	88 23       	and	r24, r24
     4dc:	29 f4       	brne	.+10     	; 0x4e8 <nRF24L01P_Write_Data_To_Transmit_Buffer+0x1a>
  }
}

void nRF24L01P_Write_Data_To_Transmit_Buffer(uint8_t *data){
  if(nRF24L01P_No_Error()){
    nRF24L01P_ReadWrite_Register(0xA0,0,data,32);
     4de:	80 ea       	ldi	r24, 0xA0	; 160
     4e0:	60 e0       	ldi	r22, 0x00	; 0
     4e2:	20 e2       	ldi	r18, 0x20	; 32
     4e4:	0e 94 1d 02 	call	0x43a	; 0x43a <nRF24L01P_ReadWrite_Register>
     4e8:	08 95       	ret

000004ea <nRF24L01P_Transmit_Buffer_Empty>:
  nRF24L01P->ErrorTicks=0;
  nRF24L01P->Error=0;
}

uint8_t nRF24L01P_Get_Error(void){
  return nRF24L01P->Error;
     4ea:	e0 91 c9 06 	lds	r30, 0x06C9
     4ee:	f0 91 ca 06 	lds	r31, 0x06CA
}

uint8_t nRF24L01P_No_Error(void){
  if(nRF24L01P_Get_Error()==0){
     4f2:	82 89       	ldd	r24, Z+18	; 0x12
     4f4:	88 23       	and	r24, r24
     4f6:	11 f0       	breq	.+4      	; 0x4fc <nRF24L01P_Transmit_Buffer_Empty+0x12>
     4f8:	80 e0       	ldi	r24, 0x00	; 0
     4fa:	08 95       	ret
  }
}

uint8_t nRF24L01P_Transmit_Buffer_Empty(void){
  if(nRF24L01P_No_Error()){
    nRF24L01P->TempBuf[0]=0;
     4fc:	11 82       	std	Z+1, r1	; 0x01
    nRF24L01P_ReadWrite_Register(0x17,1,nRF24L01P->TempBuf,1);
     4fe:	31 96       	adiw	r30, 0x01	; 1
     500:	87 e1       	ldi	r24, 0x17	; 23
     502:	61 e0       	ldi	r22, 0x01	; 1
     504:	af 01       	movw	r20, r30
     506:	21 e0       	ldi	r18, 0x01	; 1
     508:	0e 94 1d 02 	call	0x43a	; 0x43a <nRF24L01P_ReadWrite_Register>
     50c:	e0 91 c9 06 	lds	r30, 0x06C9
     510:	f0 91 ca 06 	lds	r31, 0x06CA
     514:	81 81       	ldd	r24, Z+1	; 0x01
     516:	90 e0       	ldi	r25, 0x00	; 0
     518:	64 e0       	ldi	r22, 0x04	; 4
     51a:	96 95       	lsr	r25
     51c:	87 95       	ror	r24
     51e:	6a 95       	dec	r22
     520:	e1 f7       	brne	.-8      	; 0x51a <nRF24L01P_Transmit_Buffer_Empty+0x30>
     522:	81 70       	andi	r24, 0x01	; 1
      return 0;
    }
  }else{
    return 0;
  }
}
     524:	08 95       	ret

00000526 <nRF24L01P_Wait_Till_Transmission_Completes>:

void nRF24L01P_Wait_Till_Transmission_Completes(void){
     526:	1f 93       	push	r17
uint8_t nRF24L01P_Get_Error(void){
  return nRF24L01P->Error;
}

uint8_t nRF24L01P_No_Error(void){
  if(nRF24L01P_Get_Error()==0){
     528:	e0 91 c9 06 	lds	r30, 0x06C9
     52c:	f0 91 ca 06 	lds	r31, 0x06CA
     530:	82 89       	ldd	r24, Z+18	; 0x12
     532:	88 23       	and	r24, r24
     534:	29 f0       	breq	.+10     	; 0x540 <nRF24L01P_Wait_Till_Transmission_Completes+0x1a>
     536:	09 c0       	rjmp	.+18     	; 0x54a <nRF24L01P_Wait_Till_Transmission_Completes+0x24>
     538:	81 2f       	mov	r24, r17
     53a:	8a 95       	dec	r24
     53c:	f1 f7       	brne	.-4      	; 0x53a <nRF24L01P_Wait_Till_Transmission_Completes+0x14>
     53e:	01 c0       	rjmp	.+2      	; 0x542 <nRF24L01P_Wait_Till_Transmission_Completes+0x1c>
     540:	15 e8       	ldi	r17, 0x85	; 133
  }
}

void nRF24L01P_Wait_Till_Transmission_Completes(void){
  if(nRF24L01P_No_Error()){
    while(!nRF24L01P_Transmit_Buffer_Empty()){
     542:	0e 94 75 02 	call	0x4ea	; 0x4ea <nRF24L01P_Transmit_Buffer_Empty>
     546:	88 23       	and	r24, r24
     548:	b9 f3       	breq	.-18     	; 0x538 <nRF24L01P_Wait_Till_Transmission_Completes+0x12>
      _delay_us(100);
    }
  }
}
     54a:	1f 91       	pop	r17
     54c:	08 95       	ret

0000054e <nRF24L01P_Flush_Receive_Buffer>:
  nRF24L01P->ErrorTicks=0;
  nRF24L01P->Error=0;
}

uint8_t nRF24L01P_Get_Error(void){
  return nRF24L01P->Error;
     54e:	e0 91 c9 06 	lds	r30, 0x06C9
     552:	f0 91 ca 06 	lds	r31, 0x06CA
}

uint8_t nRF24L01P_No_Error(void){
  if(nRF24L01P_Get_Error()==0){
     556:	82 89       	ldd	r24, Z+18	; 0x12
     558:	88 23       	and	r24, r24
     55a:	39 f4       	brne	.+14     	; 0x56a <nRF24L01P_Flush_Receive_Buffer+0x1c>
  }
}

void nRF24L01P_Flush_Receive_Buffer(void){
  if(nRF24L01P_No_Error()){
    nRF24L01P_ReadWrite_Register(0xE2,0,nRF24L01P->TempBuf,0);
     55c:	31 96       	adiw	r30, 0x01	; 1
     55e:	82 ee       	ldi	r24, 0xE2	; 226
     560:	60 e0       	ldi	r22, 0x00	; 0
     562:	af 01       	movw	r20, r30
     564:	20 e0       	ldi	r18, 0x00	; 0
     566:	0e 94 1d 02 	call	0x43a	; 0x43a <nRF24L01P_ReadWrite_Register>
     56a:	08 95       	ret

0000056c <nRF24L01P_Read_Data_From_Receive_Buffer>:
  }
}

void nRF24L01P_Read_Data_From_Receive_Buffer(uint8_t *data){
     56c:	ac 01       	movw	r20, r24
uint8_t nRF24L01P_Get_Error(void){
  return nRF24L01P->Error;
}

uint8_t nRF24L01P_No_Error(void){
  if(nRF24L01P_Get_Error()==0){
     56e:	e0 91 c9 06 	lds	r30, 0x06C9
     572:	f0 91 ca 06 	lds	r31, 0x06CA
     576:	82 89       	ldd	r24, Z+18	; 0x12
     578:	88 23       	and	r24, r24
     57a:	29 f4       	brne	.+10     	; 0x586 <nRF24L01P_Read_Data_From_Receive_Buffer+0x1a>
  }
}

void nRF24L01P_Read_Data_From_Receive_Buffer(uint8_t *data){
  if(nRF24L01P_No_Error()){
    nRF24L01P_ReadWrite_Register(0x61,1,data,32);
     57c:	81 e6       	ldi	r24, 0x61	; 97
     57e:	61 e0       	ldi	r22, 0x01	; 1
     580:	20 e2       	ldi	r18, 0x20	; 32
     582:	0e 94 1d 02 	call	0x43a	; 0x43a <nRF24L01P_ReadWrite_Register>
     586:	08 95       	ret

00000588 <nRF24L01P_Receive_Buffer_Not_Empty>:
  nRF24L01P->ErrorTicks=0;
  nRF24L01P->Error=0;
}

uint8_t nRF24L01P_Get_Error(void){
  return nRF24L01P->Error;
     588:	e0 91 c9 06 	lds	r30, 0x06C9
     58c:	f0 91 ca 06 	lds	r31, 0x06CA
}

uint8_t nRF24L01P_No_Error(void){
  if(nRF24L01P_Get_Error()==0){
     590:	82 89       	ldd	r24, Z+18	; 0x12
     592:	88 23       	and	r24, r24
     594:	11 f0       	breq	.+4      	; 0x59a <nRF24L01P_Receive_Buffer_Not_Empty+0x12>
     596:	80 e0       	ldi	r24, 0x00	; 0
     598:	08 95       	ret
  }
}

uint8_t nRF24L01P_Receive_Buffer_Not_Empty(void){
  if(nRF24L01P_No_Error()){
    nRF24L01P->TempBuf[0]=0;
     59a:	11 82       	std	Z+1, r1	; 0x01
    nRF24L01P_ReadWrite_Register(0x17,1,nRF24L01P->TempBuf,1);
     59c:	31 96       	adiw	r30, 0x01	; 1
     59e:	87 e1       	ldi	r24, 0x17	; 23
     5a0:	61 e0       	ldi	r22, 0x01	; 1
     5a2:	af 01       	movw	r20, r30
     5a4:	21 e0       	ldi	r18, 0x01	; 1
     5a6:	0e 94 1d 02 	call	0x43a	; 0x43a <nRF24L01P_ReadWrite_Register>
     5aa:	e0 91 c9 06 	lds	r30, 0x06C9
     5ae:	f0 91 ca 06 	lds	r31, 0x06CA
     5b2:	81 81       	ldd	r24, Z+1	; 0x01
     5b4:	80 95       	com	r24
     5b6:	81 70       	andi	r24, 0x01	; 1
      return 0;
    }
  }else{
    return 0;
  }
}
     5b8:	08 95       	ret

000005ba <nRF24L01P_Get_Mode>:
  nRF24L01P->ErrorTicks=0;
  nRF24L01P->Error=0;
}

uint8_t nRF24L01P_Get_Error(void){
  return nRF24L01P->Error;
     5ba:	e0 91 c9 06 	lds	r30, 0x06C9
     5be:	f0 91 ca 06 	lds	r31, 0x06CA
}

uint8_t nRF24L01P_No_Error(void){
  if(nRF24L01P_Get_Error()==0){
     5c2:	82 89       	ldd	r24, Z+18	; 0x12
     5c4:	88 23       	and	r24, r24
     5c6:	11 f0       	breq	.+4      	; 0x5cc <nRF24L01P_Get_Mode+0x12>
     5c8:	80 e0       	ldi	r24, 0x00	; 0
     5ca:	08 95       	ret
  }
}

uint8_t nRF24L01P_Get_Mode(void){
  if(nRF24L01P_No_Error()){
    nRF24L01P_ReadWrite_Register(0x00,1,nRF24L01P->TempBuf,1);
     5cc:	31 96       	adiw	r30, 0x01	; 1
     5ce:	80 e0       	ldi	r24, 0x00	; 0
     5d0:	61 e0       	ldi	r22, 0x01	; 1
     5d2:	af 01       	movw	r20, r30
     5d4:	21 e0       	ldi	r18, 0x01	; 1
     5d6:	0e 94 1d 02 	call	0x43a	; 0x43a <nRF24L01P_ReadWrite_Register>
    if(nRF24L01P->TempBuf[0] & (1<<1)){
     5da:	e0 91 c9 06 	lds	r30, 0x06C9
     5de:	f0 91 ca 06 	lds	r31, 0x06CA
     5e2:	81 81       	ldd	r24, Z+1	; 0x01
     5e4:	81 ff       	sbrs	r24, 1
     5e6:	07 c0       	rjmp	.+14     	; 0x5f6 <nRF24L01P_Get_Mode+0x3c>
      if(nRF24L01P->TempBuf[0] & (1<<0)){
     5e8:	80 ff       	sbrs	r24, 0
     5ea:	02 c0       	rjmp	.+4      	; 0x5f0 <nRF24L01P_Get_Mode+0x36>
	    nRF24L01P->Mode=0x01;
     5ec:	81 e0       	ldi	r24, 0x01	; 1
     5ee:	01 c0       	rjmp	.+2      	; 0x5f2 <nRF24L01P_Get_Mode+0x38>
	    return 1; //rx mode
	  }else{
	    nRF24L01P->Mode=0x02;
     5f0:	82 e0       	ldi	r24, 0x02	; 2
     5f2:	80 83       	st	Z, r24
     5f4:	08 95       	ret
	    return 2; //tx mode
	  }
    }else{
      nRF24L01P->Mode=0x00;
     5f6:	10 82       	st	Z, r1
     5f8:	80 e0       	ldi	r24, 0x00	; 0
      return 0; //pwr down
    }
  }else{
    return 0;
  }
}
     5fa:	08 95       	ret

000005fc <nRF24L01P_Set_Mode_Sleep>:
  nRF24L01P->ErrorTicks=0;
  nRF24L01P->Error=0;
}

uint8_t nRF24L01P_Get_Error(void){
  return nRF24L01P->Error;
     5fc:	e0 91 c9 06 	lds	r30, 0x06C9
     600:	f0 91 ca 06 	lds	r31, 0x06CA
}

uint8_t nRF24L01P_No_Error(void){
  if(nRF24L01P_Get_Error()==0){
     604:	82 89       	ldd	r24, Z+18	; 0x12
     606:	88 23       	and	r24, r24
     608:	61 f4       	brne	.+24     	; 0x622 <nRF24L01P_Set_Mode_Sleep+0x26>
  }
}
  
void nRF24L01P_Set_Mode_Sleep(void){
  if(nRF24L01P_No_Error()){
    nRF24L01P->TempBuf[0]=0x00;
     60a:	11 82       	std	Z+1, r1	; 0x01
    nRF24L01P_ReadWrite_Register(0x00,0,nRF24L01P->TempBuf,1);
     60c:	31 96       	adiw	r30, 0x01	; 1
     60e:	60 e0       	ldi	r22, 0x00	; 0
     610:	af 01       	movw	r20, r30
     612:	21 e0       	ldi	r18, 0x01	; 1
     614:	0e 94 1d 02 	call	0x43a	; 0x43a <nRF24L01P_ReadWrite_Register>
    nRF24L01P->Mode=0x00;
     618:	e0 91 c9 06 	lds	r30, 0x06C9
     61c:	f0 91 ca 06 	lds	r31, 0x06CA
     620:	10 82       	st	Z, r1
     622:	08 95       	ret

00000624 <nRF24L01P_Set_Mode_Tx>:
  nRF24L01P->ErrorTicks=0;
  nRF24L01P->Error=0;
}

uint8_t nRF24L01P_Get_Error(void){
  return nRF24L01P->Error;
     624:	e0 91 c9 06 	lds	r30, 0x06C9
     628:	f0 91 ca 06 	lds	r31, 0x06CA
}

uint8_t nRF24L01P_No_Error(void){
  if(nRF24L01P_Get_Error()==0){
     62c:	82 89       	ldd	r24, Z+18	; 0x12
     62e:	88 23       	and	r24, r24
     630:	91 f4       	brne	.+36     	; 0x656 <nRF24L01P_Set_Mode_Tx+0x32>
  }
}

void nRF24L01P_Set_Mode_Tx(void){
  if(nRF24L01P_No_Error()){
    nRF24L01P->TempBuf[0]=0x72;
     632:	82 e7       	ldi	r24, 0x72	; 114
     634:	81 83       	std	Z+1, r24	; 0x01
void nRF24L01P_CE_High(void){
  nRF24L01P_CE_PORT|= (1<<nRF24L01P_CE_bp);
}

void nRF24L01P_CE_Low(void){
  nRF24L01P_CE_PORT&=~(1<<nRF24L01P_CE_bp);
     636:	29 98       	cbi	0x05, 1	; 5

void nRF24L01P_Set_Mode_Tx(void){
  if(nRF24L01P_No_Error()){
    nRF24L01P->TempBuf[0]=0x72;
    nRF24L01P_CE_Low();
    nRF24L01P_ReadWrite_Register(0x00,0,nRF24L01P->TempBuf,1);
     638:	31 96       	adiw	r30, 0x01	; 1
     63a:	80 e0       	ldi	r24, 0x00	; 0
     63c:	60 e0       	ldi	r22, 0x00	; 0
     63e:	af 01       	movw	r20, r30
     640:	21 e0       	ldi	r18, 0x01	; 1
     642:	0e 94 1d 02 	call	0x43a	; 0x43a <nRF24L01P_ReadWrite_Register>
	  nRF24L01P_Flush_Transmit_Buffer();
     646:	0e 94 58 02 	call	0x4b0	; 0x4b0 <nRF24L01P_Flush_Transmit_Buffer>
	  nRF24L01P->Mode=0x02;
     64a:	e0 91 c9 06 	lds	r30, 0x06C9
     64e:	f0 91 ca 06 	lds	r31, 0x06CA
     652:	82 e0       	ldi	r24, 0x02	; 2
     654:	80 83       	st	Z, r24
     656:	08 95       	ret

00000658 <nRF24L01P_Set_Mode_Rx>:
  nRF24L01P->ErrorTicks=0;
  nRF24L01P->Error=0;
}

uint8_t nRF24L01P_Get_Error(void){
  return nRF24L01P->Error;
     658:	e0 91 c9 06 	lds	r30, 0x06C9
     65c:	f0 91 ca 06 	lds	r31, 0x06CA
}

uint8_t nRF24L01P_No_Error(void){
  if(nRF24L01P_Get_Error()==0){
     660:	82 89       	ldd	r24, Z+18	; 0x12
     662:	88 23       	and	r24, r24
     664:	81 f4       	brne	.+32     	; 0x686 <nRF24L01P_Set_Mode_Rx+0x2e>
  }
}

void nRF24L01P_Set_Mode_Rx(void){
  if(nRF24L01P_No_Error()){
    nRF24L01P->TempBuf[0]=0x73;
     666:	83 e7       	ldi	r24, 0x73	; 115
     668:	81 83       	std	Z+1, r24	; 0x01
void nRF24L01P_CSN_Low(void){
  nRF24L01P_CSN_PORT&=~(1<<nRF24L01P_CSN_bp);
}

void nRF24L01P_CE_High(void){
  nRF24L01P_CE_PORT|= (1<<nRF24L01P_CE_bp);
     66a:	29 9a       	sbi	0x05, 1	; 5

void nRF24L01P_Set_Mode_Rx(void){
  if(nRF24L01P_No_Error()){
    nRF24L01P->TempBuf[0]=0x73;
    nRF24L01P_CE_High();
    nRF24L01P_ReadWrite_Register(0x00,0,nRF24L01P->TempBuf,1);
     66c:	31 96       	adiw	r30, 0x01	; 1
     66e:	80 e0       	ldi	r24, 0x00	; 0
     670:	60 e0       	ldi	r22, 0x00	; 0
     672:	af 01       	movw	r20, r30
     674:	21 e0       	ldi	r18, 0x01	; 1
     676:	0e 94 1d 02 	call	0x43a	; 0x43a <nRF24L01P_ReadWrite_Register>
	  nRF24L01P->Mode=0x01;
     67a:	e0 91 c9 06 	lds	r30, 0x06C9
     67e:	f0 91 ca 06 	lds	r31, 0x06CA
     682:	81 e0       	ldi	r24, 0x01	; 1
     684:	80 83       	st	Z, r24
     686:	08 95       	ret

00000688 <nRF24L01P_ReadModifyWrite>:
  }
}

void nRF24L01P_ReadModifyWrite(uint8_t reg, uint8_t bit_pos, uint8_t bit_val){
     688:	ff 92       	push	r15
     68a:	0f 93       	push	r16
     68c:	1f 93       	push	r17
     68e:	f8 2e       	mov	r15, r24
     690:	16 2f       	mov	r17, r22
     692:	04 2f       	mov	r16, r20
  nRF24L01P->ErrorTicks=0;
  nRF24L01P->Error=0;
}

uint8_t nRF24L01P_Get_Error(void){
  return nRF24L01P->Error;
     694:	e0 91 c9 06 	lds	r30, 0x06C9
     698:	f0 91 ca 06 	lds	r31, 0x06CA
}

uint8_t nRF24L01P_No_Error(void){
  if(nRF24L01P_Get_Error()==0){
     69c:	82 89       	ldd	r24, Z+18	; 0x12
     69e:	88 23       	and	r24, r24
     6a0:	69 f5       	brne	.+90     	; 0x6fc <nRF24L01P_ReadModifyWrite+0x74>
  }
}

void nRF24L01P_ReadModifyWrite(uint8_t reg, uint8_t bit_pos, uint8_t bit_val){
  if(nRF24L01P_No_Error()){
    nRF24L01P_ReadWrite_Register(reg,1,nRF24L01P->TempBuf,1);
     6a2:	31 96       	adiw	r30, 0x01	; 1
     6a4:	8f 2d       	mov	r24, r15
     6a6:	61 e0       	ldi	r22, 0x01	; 1
     6a8:	af 01       	movw	r20, r30
     6aa:	21 e0       	ldi	r18, 0x01	; 1
     6ac:	0e 94 1d 02 	call	0x43a	; 0x43a <nRF24L01P_ReadWrite_Register>
     6b0:	e0 91 c9 06 	lds	r30, 0x06C9
     6b4:	f0 91 ca 06 	lds	r31, 0x06CA
    if(bit_val){
     6b8:	00 23       	and	r16, r16
     6ba:	51 f0       	breq	.+20     	; 0x6d0 <nRF24L01P_ReadModifyWrite+0x48>
      nRF24L01P->TempBuf[0]|=(1<<bit_pos);
     6bc:	81 e0       	ldi	r24, 0x01	; 1
     6be:	90 e0       	ldi	r25, 0x00	; 0
     6c0:	02 c0       	rjmp	.+4      	; 0x6c6 <nRF24L01P_ReadModifyWrite+0x3e>
     6c2:	88 0f       	add	r24, r24
     6c4:	99 1f       	adc	r25, r25
     6c6:	1a 95       	dec	r17
     6c8:	e2 f7       	brpl	.-8      	; 0x6c2 <nRF24L01P_ReadModifyWrite+0x3a>
     6ca:	21 81       	ldd	r18, Z+1	; 0x01
     6cc:	28 2b       	or	r18, r24
     6ce:	0a c0       	rjmp	.+20     	; 0x6e4 <nRF24L01P_ReadModifyWrite+0x5c>
    }else{
      nRF24L01P->TempBuf[0]&=~(1<<bit_pos);
     6d0:	81 e0       	ldi	r24, 0x01	; 1
     6d2:	90 e0       	ldi	r25, 0x00	; 0
     6d4:	02 c0       	rjmp	.+4      	; 0x6da <nRF24L01P_ReadModifyWrite+0x52>
     6d6:	88 0f       	add	r24, r24
     6d8:	99 1f       	adc	r25, r25
     6da:	1a 95       	dec	r17
     6dc:	e2 f7       	brpl	.-8      	; 0x6d6 <nRF24L01P_ReadModifyWrite+0x4e>
     6de:	80 95       	com	r24
     6e0:	21 81       	ldd	r18, Z+1	; 0x01
     6e2:	28 23       	and	r18, r24
     6e4:	21 83       	std	Z+1, r18	; 0x01
    }
    nRF24L01P_ReadWrite_Register(reg,0,nRF24L01P->TempBuf,1);
     6e6:	40 91 c9 06 	lds	r20, 0x06C9
     6ea:	50 91 ca 06 	lds	r21, 0x06CA
     6ee:	4f 5f       	subi	r20, 0xFF	; 255
     6f0:	5f 4f       	sbci	r21, 0xFF	; 255
     6f2:	8f 2d       	mov	r24, r15
     6f4:	60 e0       	ldi	r22, 0x00	; 0
     6f6:	21 e0       	ldi	r18, 0x01	; 1
     6f8:	0e 94 1d 02 	call	0x43a	; 0x43a <nRF24L01P_ReadWrite_Register>
  }
}
     6fc:	1f 91       	pop	r17
     6fe:	0f 91       	pop	r16
     700:	ff 90       	pop	r15
     702:	08 95       	ret

00000704 <nRF24L01P_Get_Channel>:
  nRF24L01P->ErrorTicks=0;
  nRF24L01P->Error=0;
}

uint8_t nRF24L01P_Get_Error(void){
  return nRF24L01P->Error;
     704:	e0 91 c9 06 	lds	r30, 0x06C9
     708:	f0 91 ca 06 	lds	r31, 0x06CA
}

uint8_t nRF24L01P_No_Error(void){
  if(nRF24L01P_Get_Error()==0){
     70c:	82 89       	ldd	r24, Z+18	; 0x12
     70e:	88 23       	and	r24, r24
     710:	11 f0       	breq	.+4      	; 0x716 <nRF24L01P_Get_Channel+0x12>
     712:	80 e0       	ldi	r24, 0x00	; 0
     714:	08 95       	ret
  }
}

uint8_t nRF24L01P_Get_Channel(void){
  if(nRF24L01P_No_Error()){
    nRF24L01P_ReadWrite_Register(0x05,1,nRF24L01P->TempBuf,1);
     716:	31 96       	adiw	r30, 0x01	; 1
     718:	85 e0       	ldi	r24, 0x05	; 5
     71a:	61 e0       	ldi	r22, 0x01	; 1
     71c:	af 01       	movw	r20, r30
     71e:	21 e0       	ldi	r18, 0x01	; 1
     720:	0e 94 1d 02 	call	0x43a	; 0x43a <nRF24L01P_ReadWrite_Register>
    return nRF24L01P->TempBuf[0];
     724:	e0 91 c9 06 	lds	r30, 0x06C9
     728:	f0 91 ca 06 	lds	r31, 0x06CA
     72c:	81 81       	ldd	r24, Z+1	; 0x01
  }else{
    return 0;
  }
}
     72e:	08 95       	ret

00000730 <nRF24L01P_Set_Channel>:

void nRF24L01P_Set_Channel(uint8_t channel){
     730:	98 2f       	mov	r25, r24
  nRF24L01P->ErrorTicks=0;
  nRF24L01P->Error=0;
}

uint8_t nRF24L01P_Get_Error(void){
  return nRF24L01P->Error;
     732:	e0 91 c9 06 	lds	r30, 0x06C9
     736:	f0 91 ca 06 	lds	r31, 0x06CA
}

uint8_t nRF24L01P_No_Error(void){
  if(nRF24L01P_Get_Error()==0){
     73a:	82 89       	ldd	r24, Z+18	; 0x12
     73c:	88 23       	and	r24, r24
     73e:	61 f4       	brne	.+24     	; 0x758 <nRF24L01P_Set_Channel+0x28>
void nRF24L01P_Set_Channel(uint8_t channel){
  if(nRF24L01P_No_Error()){
    if(channel>125){
      channel=125;
    }
    nRF24L01P->TempBuf[0]=channel;
     740:	89 2f       	mov	r24, r25
     742:	9e 37       	cpi	r25, 0x7E	; 126
     744:	08 f0       	brcs	.+2      	; 0x748 <nRF24L01P_Set_Channel+0x18>
     746:	8d e7       	ldi	r24, 0x7D	; 125
     748:	81 83       	std	Z+1, r24	; 0x01
    nRF24L01P_ReadWrite_Register(0x05,0,nRF24L01P->TempBuf,1);
     74a:	31 96       	adiw	r30, 0x01	; 1
     74c:	85 e0       	ldi	r24, 0x05	; 5
     74e:	60 e0       	ldi	r22, 0x00	; 0
     750:	af 01       	movw	r20, r30
     752:	21 e0       	ldi	r18, 0x01	; 1
     754:	0e 94 1d 02 	call	0x43a	; 0x43a <nRF24L01P_ReadWrite_Register>
     758:	08 95       	ret

0000075a <nRF24L01P_Get_Speed>:
  nRF24L01P->ErrorTicks=0;
  nRF24L01P->Error=0;
}

uint8_t nRF24L01P_Get_Error(void){
  return nRF24L01P->Error;
     75a:	e0 91 c9 06 	lds	r30, 0x06C9
     75e:	f0 91 ca 06 	lds	r31, 0x06CA
}

uint8_t nRF24L01P_No_Error(void){
  if(nRF24L01P_Get_Error()==0){
     762:	82 89       	ldd	r24, Z+18	; 0x12
     764:	88 23       	and	r24, r24
     766:	11 f0       	breq	.+4      	; 0x76c <nRF24L01P_Get_Speed+0x12>
     768:	80 e0       	ldi	r24, 0x00	; 0
     76a:	08 95       	ret
  }
}

uint8_t nRF24L01P_Get_Speed(void){
  if(nRF24L01P_No_Error()){
    nRF24L01P_ReadWrite_Register(0x06,1,nRF24L01P->TempBuf,1);
     76c:	31 96       	adiw	r30, 0x01	; 1
     76e:	86 e0       	ldi	r24, 0x06	; 6
     770:	61 e0       	ldi	r22, 0x01	; 1
     772:	af 01       	movw	r20, r30
     774:	21 e0       	ldi	r18, 0x01	; 1
     776:	0e 94 1d 02 	call	0x43a	; 0x43a <nRF24L01P_ReadWrite_Register>
    nRF24L01P->TempBuf[1]=(nRF24L01P->TempBuf[0] >> 3) & 0x01;
     77a:	e0 91 c9 06 	lds	r30, 0x06C9
     77e:	f0 91 ca 06 	lds	r31, 0x06CA
     782:	91 81       	ldd	r25, Z+1	; 0x01
     784:	96 95       	lsr	r25
     786:	96 95       	lsr	r25
     788:	96 95       	lsr	r25
    nRF24L01P->TempBuf[0]>>=4;
    nRF24L01P->TempBuf[0]&=0x02;
     78a:	89 2f       	mov	r24, r25
     78c:	86 95       	lsr	r24
     78e:	82 70       	andi	r24, 0x02	; 2
     790:	81 83       	std	Z+1, r24	; 0x01
}

uint8_t nRF24L01P_Get_Speed(void){
  if(nRF24L01P_No_Error()){
    nRF24L01P_ReadWrite_Register(0x06,1,nRF24L01P->TempBuf,1);
    nRF24L01P->TempBuf[1]=(nRF24L01P->TempBuf[0] >> 3) & 0x01;
     792:	91 70       	andi	r25, 0x01	; 1
    nRF24L01P->TempBuf[0]>>=4;
    nRF24L01P->TempBuf[0]&=0x02;
    nRF24L01P->TempBuf[1]|=nRF24L01P->TempBuf[0];
     794:	89 2b       	or	r24, r25
     796:	82 83       	std	Z+2, r24	; 0x02
    if      (nRF24L01P->TempBuf[1]==0x02){
     798:	82 30       	cpi	r24, 0x02	; 2
     79a:	11 f4       	brne	.+4      	; 0x7a0 <nRF24L01P_Get_Speed+0x46>
      nRF24L01P->TempBuf[0]=0;
     79c:	11 82       	std	Z+1, r1	; 0x01
     79e:	06 c0       	rjmp	.+12     	; 0x7ac <nRF24L01P_Get_Speed+0x52>
    }else if(nRF24L01P->TempBuf[1]==0x01){
     7a0:	81 30       	cpi	r24, 0x01	; 1
     7a2:	19 f0       	breq	.+6      	; 0x7aa <nRF24L01P_Get_Speed+0x50>
      nRF24L01P->TempBuf[0]=1;
    }else if(nRF24L01P->TempBuf[1]==0x00){
     7a4:	88 23       	and	r24, r24
     7a6:	11 f4       	brne	.+4      	; 0x7ac <nRF24L01P_Get_Speed+0x52>
      nRF24L01P->TempBuf[0]=2;
     7a8:	82 e0       	ldi	r24, 0x02	; 2
     7aa:	81 83       	std	Z+1, r24	; 0x01
    }
    return nRF24L01P->TempBuf[0];
     7ac:	81 81       	ldd	r24, Z+1	; 0x01
  }else{
    return 0;
  }
}  
     7ae:	08 95       	ret

000007b0 <nRF24L01P_Set_Speed>:

void nRF24L01P_Set_Speed(uint8_t index){
     7b0:	98 2f       	mov	r25, r24
uint8_t nRF24L01P_Get_Error(void){
  return nRF24L01P->Error;
}

uint8_t nRF24L01P_No_Error(void){
  if(nRF24L01P_Get_Error()==0){
     7b2:	e0 91 c9 06 	lds	r30, 0x06C9
     7b6:	f0 91 ca 06 	lds	r31, 0x06CA
     7ba:	82 89       	ldd	r24, Z+18	; 0x12
     7bc:	88 23       	and	r24, r24
     7be:	41 f5       	brne	.+80     	; 0x810 <nRF24L01P_Set_Speed+0x60>
  }
}  

void nRF24L01P_Set_Speed(uint8_t index){
  if(nRF24L01P_No_Error()){
    if(index==0){       //250kbps
     7c0:	99 23       	and	r25, r25
     7c2:	21 f4       	brne	.+8      	; 0x7cc <nRF24L01P_Set_Speed+0x1c>
      nRF24L01P_ReadModifyWrite(0x06,5,1);
     7c4:	86 e0       	ldi	r24, 0x06	; 6
     7c6:	65 e0       	ldi	r22, 0x05	; 5
     7c8:	41 e0       	ldi	r20, 0x01	; 1
     7ca:	05 c0       	rjmp	.+10     	; 0x7d6 <nRF24L01P_Set_Speed+0x26>
      nRF24L01P_ReadModifyWrite(0x06,3,0);
    }
    else if(index==1){  //1Mbps
     7cc:	91 30       	cpi	r25, 0x01	; 1
     7ce:	49 f4       	brne	.+18     	; 0x7e2 <nRF24L01P_Set_Speed+0x32>
      nRF24L01P_ReadModifyWrite(0x06,5,0);
     7d0:	86 e0       	ldi	r24, 0x06	; 6
     7d2:	65 e0       	ldi	r22, 0x05	; 5
     7d4:	40 e0       	ldi	r20, 0x00	; 0
     7d6:	0e 94 44 03 	call	0x688	; 0x688 <nRF24L01P_ReadModifyWrite>
      nRF24L01P_ReadModifyWrite(0x06,3,0);
     7da:	86 e0       	ldi	r24, 0x06	; 6
     7dc:	63 e0       	ldi	r22, 0x03	; 3
     7de:	40 e0       	ldi	r20, 0x00	; 0
     7e0:	0a c0       	rjmp	.+20     	; 0x7f6 <nRF24L01P_Set_Speed+0x46>
    }
    else if(index==2){  //2Mbps
     7e2:	92 30       	cpi	r25, 0x02	; 2
     7e4:	59 f4       	brne	.+22     	; 0x7fc <nRF24L01P_Set_Speed+0x4c>
      nRF24L01P_ReadModifyWrite(0x06,5,0);
     7e6:	86 e0       	ldi	r24, 0x06	; 6
     7e8:	65 e0       	ldi	r22, 0x05	; 5
     7ea:	40 e0       	ldi	r20, 0x00	; 0
     7ec:	0e 94 44 03 	call	0x688	; 0x688 <nRF24L01P_ReadModifyWrite>
      nRF24L01P_ReadModifyWrite(0x06,3,1);
     7f0:	86 e0       	ldi	r24, 0x06	; 6
     7f2:	63 e0       	ldi	r22, 0x03	; 3
     7f4:	41 e0       	ldi	r20, 0x01	; 1
     7f6:	0e 94 44 03 	call	0x688	; 0x688 <nRF24L01P_ReadModifyWrite>
     7fa:	08 95       	ret
    }else{              //2Mbps
      nRF24L01P_ReadModifyWrite(0x06,5,0);
     7fc:	86 e0       	ldi	r24, 0x06	; 6
     7fe:	65 e0       	ldi	r22, 0x05	; 5
     800:	40 e0       	ldi	r20, 0x00	; 0
     802:	0e 94 44 03 	call	0x688	; 0x688 <nRF24L01P_ReadModifyWrite>
      nRF24L01P_ReadModifyWrite(0x06,3,1);
     806:	86 e0       	ldi	r24, 0x06	; 6
     808:	63 e0       	ldi	r22, 0x03	; 3
     80a:	41 e0       	ldi	r20, 0x01	; 1
     80c:	0e 94 44 03 	call	0x688	; 0x688 <nRF24L01P_ReadModifyWrite>
     810:	08 95       	ret

00000812 <nRF24L01P_Get_Tx_Power>:
  nRF24L01P->ErrorTicks=0;
  nRF24L01P->Error=0;
}

uint8_t nRF24L01P_Get_Error(void){
  return nRF24L01P->Error;
     812:	e0 91 c9 06 	lds	r30, 0x06C9
     816:	f0 91 ca 06 	lds	r31, 0x06CA
}

uint8_t nRF24L01P_No_Error(void){
  if(nRF24L01P_Get_Error()==0){
     81a:	82 89       	ldd	r24, Z+18	; 0x12
     81c:	88 23       	and	r24, r24
     81e:	11 f0       	breq	.+4      	; 0x824 <nRF24L01P_Get_Tx_Power+0x12>
     820:	80 e0       	ldi	r24, 0x00	; 0
     822:	08 95       	ret
  }
}

uint8_t nRF24L01P_Get_Tx_Power(void){
  if(nRF24L01P_No_Error()){
    nRF24L01P_ReadWrite_Register(0x06,1,nRF24L01P->TempBuf,1);
     824:	31 96       	adiw	r30, 0x01	; 1
     826:	86 e0       	ldi	r24, 0x06	; 6
     828:	61 e0       	ldi	r22, 0x01	; 1
     82a:	af 01       	movw	r20, r30
     82c:	21 e0       	ldi	r18, 0x01	; 1
     82e:	0e 94 1d 02 	call	0x43a	; 0x43a <nRF24L01P_ReadWrite_Register>
    nRF24L01P->TempBuf[0]>>=1;
     832:	e0 91 c9 06 	lds	r30, 0x06C9
     836:	f0 91 ca 06 	lds	r31, 0x06CA
    nRF24L01P->TempBuf[0]&=0x03;
     83a:	81 81       	ldd	r24, Z+1	; 0x01
     83c:	86 95       	lsr	r24
     83e:	83 70       	andi	r24, 0x03	; 3
     840:	81 83       	std	Z+1, r24	; 0x01
    return nRF24L01P->TempBuf[0];
  }else{
    return 0;
  }
}  
     842:	08 95       	ret

00000844 <nRF24L01P_Set_Tx_Power>:

void nRF24L01P_Set_Tx_Power(uint8_t index){
     844:	98 2f       	mov	r25, r24
uint8_t nRF24L01P_Get_Error(void){
  return nRF24L01P->Error;
}

uint8_t nRF24L01P_No_Error(void){
  if(nRF24L01P_Get_Error()==0){
     846:	e0 91 c9 06 	lds	r30, 0x06C9
     84a:	f0 91 ca 06 	lds	r31, 0x06CA
     84e:	82 89       	ldd	r24, Z+18	; 0x12
     850:	88 23       	and	r24, r24
     852:	71 f5       	brne	.+92     	; 0x8b0 <nRF24L01P_Set_Tx_Power+0x6c>
  }
}  

void nRF24L01P_Set_Tx_Power(uint8_t index){
  if(nRF24L01P_No_Error()){
    if(index==0){
     854:	99 23       	and	r25, r25
     856:	21 f4       	brne	.+8      	; 0x860 <nRF24L01P_Set_Tx_Power+0x1c>
      nRF24L01P_ReadModifyWrite(0x06,2,0);
     858:	86 e0       	ldi	r24, 0x06	; 6
     85a:	62 e0       	ldi	r22, 0x02	; 2
     85c:	40 e0       	ldi	r20, 0x00	; 0
     85e:	0b c0       	rjmp	.+22     	; 0x876 <nRF24L01P_Set_Tx_Power+0x32>
      nRF24L01P_ReadModifyWrite(0x06,1,0);
    }
    else if(index==1){
     860:	91 30       	cpi	r25, 0x01	; 1
     862:	21 f4       	brne	.+8      	; 0x86c <nRF24L01P_Set_Tx_Power+0x28>
      nRF24L01P_ReadModifyWrite(0x06,2,0);
     864:	86 e0       	ldi	r24, 0x06	; 6
     866:	62 e0       	ldi	r22, 0x02	; 2
     868:	40 e0       	ldi	r20, 0x00	; 0
     86a:	10 c0       	rjmp	.+32     	; 0x88c <nRF24L01P_Set_Tx_Power+0x48>
      nRF24L01P_ReadModifyWrite(0x06,1,1);
    }
    else if(index==2){
     86c:	92 30       	cpi	r25, 0x02	; 2
     86e:	49 f4       	brne	.+18     	; 0x882 <nRF24L01P_Set_Tx_Power+0x3e>
      nRF24L01P_ReadModifyWrite(0x06,2,1);
     870:	86 e0       	ldi	r24, 0x06	; 6
     872:	62 e0       	ldi	r22, 0x02	; 2
     874:	41 e0       	ldi	r20, 0x01	; 1
     876:	0e 94 44 03 	call	0x688	; 0x688 <nRF24L01P_ReadModifyWrite>
      nRF24L01P_ReadModifyWrite(0x06,1,0);
     87a:	86 e0       	ldi	r24, 0x06	; 6
     87c:	61 e0       	ldi	r22, 0x01	; 1
     87e:	40 e0       	ldi	r20, 0x00	; 0
     880:	0a c0       	rjmp	.+20     	; 0x896 <nRF24L01P_Set_Tx_Power+0x52>
    }
    else if(index==3){
     882:	93 30       	cpi	r25, 0x03	; 3
     884:	59 f4       	brne	.+22     	; 0x89c <nRF24L01P_Set_Tx_Power+0x58>
      nRF24L01P_ReadModifyWrite(0x06,2,1);
     886:	86 e0       	ldi	r24, 0x06	; 6
     888:	62 e0       	ldi	r22, 0x02	; 2
     88a:	41 e0       	ldi	r20, 0x01	; 1
     88c:	0e 94 44 03 	call	0x688	; 0x688 <nRF24L01P_ReadModifyWrite>
      nRF24L01P_ReadModifyWrite(0x06,1,1);
     890:	86 e0       	ldi	r24, 0x06	; 6
     892:	61 e0       	ldi	r22, 0x01	; 1
     894:	41 e0       	ldi	r20, 0x01	; 1
     896:	0e 94 44 03 	call	0x688	; 0x688 <nRF24L01P_ReadModifyWrite>
     89a:	08 95       	ret
    }else{
      nRF24L01P_ReadModifyWrite(0x06,2,1);
     89c:	86 e0       	ldi	r24, 0x06	; 6
     89e:	62 e0       	ldi	r22, 0x02	; 2
     8a0:	41 e0       	ldi	r20, 0x01	; 1
     8a2:	0e 94 44 03 	call	0x688	; 0x688 <nRF24L01P_ReadModifyWrite>
      nRF24L01P_ReadModifyWrite(0x06,1,1);
     8a6:	86 e0       	ldi	r24, 0x06	; 6
     8a8:	61 e0       	ldi	r22, 0x01	; 1
     8aa:	41 e0       	ldi	r20, 0x01	; 1
     8ac:	0e 94 44 03 	call	0x688	; 0x688 <nRF24L01P_ReadModifyWrite>
     8b0:	08 95       	ret

000008b2 <nRF24L01P_Set_Own_Address>:
    }
  }
}

void nRF24L01P_Set_Own_Address(uint8_t addr){
  nRF24L01P->Address.Own=addr;
     8b2:	e0 91 c9 06 	lds	r30, 0x06C9
     8b6:	f0 91 ca 06 	lds	r31, 0x06CA
     8ba:	83 83       	std	Z+3, r24	; 0x03
}
     8bc:	08 95       	ret

000008be <nRF24L01P_Set_Destination_Address>:

void nRF24L01P_Set_Destination_Address(uint8_t addr){
  nRF24L01P->Address.Dest=addr;
     8be:	e0 91 c9 06 	lds	r30, 0x06C9
     8c2:	f0 91 ca 06 	lds	r31, 0x06CA
     8c6:	84 83       	std	Z+4, r24	; 0x04
}
     8c8:	08 95       	ret

000008ca <nRF24L01P_Set_Receive_Timeout>:

void nRF24L01P_Set_Receive_Timeout(uint16_t val){
  nRF24L01P->Config.RxTimeout=val;
     8ca:	e0 91 c9 06 	lds	r30, 0x06C9
     8ce:	f0 91 ca 06 	lds	r31, 0x06CA
     8d2:	96 83       	std	Z+6, r25	; 0x06
     8d4:	85 83       	std	Z+5, r24	; 0x05
}
     8d6:	08 95       	ret

000008d8 <nRF24L01P_Set_MaxRetransmission>:

void nRF24L01P_Set_MaxRetransmission(uint16_t val){
  nRF24L01P->Config.MaxRetry=val;
     8d8:	e0 91 c9 06 	lds	r30, 0x06C9
     8dc:	f0 91 ca 06 	lds	r31, 0x06CA
     8e0:	93 87       	std	Z+11, r25	; 0x0b
     8e2:	82 87       	std	Z+10, r24	; 0x0a
}
     8e4:	08 95       	ret

000008e6 <nRF24L01P_Deep_Sleep>:

void nRF24L01P_Deep_Sleep(void){
  if(nRF24L01P->Mode != 0x00){
     8e6:	e0 91 c9 06 	lds	r30, 0x06C9
     8ea:	f0 91 ca 06 	lds	r31, 0x06CA
     8ee:	80 81       	ld	r24, Z
     8f0:	88 23       	and	r24, r24
     8f2:	21 f0       	breq	.+8      	; 0x8fc <nRF24L01P_Deep_Sleep+0x16>
    nRF24L01P_Set_Mode_Sleep();
     8f4:	0e 94 fe 02 	call	0x5fc	; 0x5fc <nRF24L01P_Set_Mode_Sleep>
    nRF24L01P_Disable();
     8f8:	0e 94 9d 01 	call	0x33a	; 0x33a <nRF24L01P_Disable>
     8fc:	08 95       	ret

000008fe <nRF24L01P_WakeUp>:
  }
}


void nRF24L01P_WakeUp(void){
  if(nRF24L01P->Mode == 0x00){ 
     8fe:	e0 91 c9 06 	lds	r30, 0x06C9
     902:	f0 91 ca 06 	lds	r31, 0x06CA
     906:	80 81       	ld	r24, Z
     908:	88 23       	and	r24, r24
     90a:	21 f4       	brne	.+8      	; 0x914 <__stack+0x15>
    nRF24L01P_Enable();
     90c:	0e 94 96 01 	call	0x32c	; 0x32c <nRF24L01P_Enable>
    nRF24L01P_Set_Mode_Rx();
     910:	0e 94 2c 03 	call	0x658	; 0x658 <nRF24L01P_Set_Mode_Rx>
     914:	08 95       	ret

00000916 <nRF24L01P_Init>:
  }
}

void nRF24L01P_Init(void){
     916:	0f 93       	push	r16
     918:	1f 93       	push	r17
  nRF24L01P_Struct_Init();
     91a:	0e 94 45 01 	call	0x28a	; 0x28a <nRF24L01P_Struct_Init>
  nRF24L01P_Enable();
     91e:	0e 94 96 01 	call	0x32c	; 0x32c <nRF24L01P_Enable>
  //Default config: Channel 2, 1Mbps, 0dBm, 32byte max data
  nRF24L01P->TempBuf[0]=0x00;  nRF24L01P_ReadWrite_Register(0x00,0,nRF24L01P->TempBuf,1);
     922:	e0 91 c9 06 	lds	r30, 0x06C9
     926:	f0 91 ca 06 	lds	r31, 0x06CA
     92a:	11 82       	std	Z+1, r1	; 0x01
     92c:	31 96       	adiw	r30, 0x01	; 1
     92e:	80 e0       	ldi	r24, 0x00	; 0
     930:	60 e0       	ldi	r22, 0x00	; 0
     932:	af 01       	movw	r20, r30
     934:	21 e0       	ldi	r18, 0x01	; 1
     936:	0e 94 1d 02 	call	0x43a	; 0x43a <nRF24L01P_ReadWrite_Register>
  nRF24L01P->TempBuf[0]=0x00;  nRF24L01P_ReadWrite_Register(0x01,0,nRF24L01P->TempBuf,1);
     93a:	e0 91 c9 06 	lds	r30, 0x06C9
     93e:	f0 91 ca 06 	lds	r31, 0x06CA
     942:	11 82       	std	Z+1, r1	; 0x01
     944:	31 96       	adiw	r30, 0x01	; 1
     946:	81 e0       	ldi	r24, 0x01	; 1
     948:	60 e0       	ldi	r22, 0x00	; 0
     94a:	af 01       	movw	r20, r30
     94c:	21 e0       	ldi	r18, 0x01	; 1
     94e:	0e 94 1d 02 	call	0x43a	; 0x43a <nRF24L01P_ReadWrite_Register>
  nRF24L01P->TempBuf[0]=0x03;  nRF24L01P_ReadWrite_Register(0x02,0,nRF24L01P->TempBuf,1);
     952:	e0 91 c9 06 	lds	r30, 0x06C9
     956:	f0 91 ca 06 	lds	r31, 0x06CA
     95a:	83 e0       	ldi	r24, 0x03	; 3
     95c:	81 83       	std	Z+1, r24	; 0x01
     95e:	31 96       	adiw	r30, 0x01	; 1
     960:	82 e0       	ldi	r24, 0x02	; 2
     962:	60 e0       	ldi	r22, 0x00	; 0
     964:	af 01       	movw	r20, r30
     966:	21 e0       	ldi	r18, 0x01	; 1
     968:	0e 94 1d 02 	call	0x43a	; 0x43a <nRF24L01P_ReadWrite_Register>
  nRF24L01P->TempBuf[0]=0x01;  nRF24L01P_ReadWrite_Register(0x03,0,nRF24L01P->TempBuf,1);
     96c:	e0 91 c9 06 	lds	r30, 0x06C9
     970:	f0 91 ca 06 	lds	r31, 0x06CA
     974:	81 e0       	ldi	r24, 0x01	; 1
     976:	81 83       	std	Z+1, r24	; 0x01
     978:	31 96       	adiw	r30, 0x01	; 1
     97a:	83 e0       	ldi	r24, 0x03	; 3
     97c:	60 e0       	ldi	r22, 0x00	; 0
     97e:	af 01       	movw	r20, r30
     980:	21 e0       	ldi	r18, 0x01	; 1
     982:	0e 94 1d 02 	call	0x43a	; 0x43a <nRF24L01P_ReadWrite_Register>
  nRF24L01P->TempBuf[0]=0x00;  nRF24L01P_ReadWrite_Register(0x04,0,nRF24L01P->TempBuf,1);
     986:	e0 91 c9 06 	lds	r30, 0x06C9
     98a:	f0 91 ca 06 	lds	r31, 0x06CA
     98e:	11 82       	std	Z+1, r1	; 0x01
     990:	31 96       	adiw	r30, 0x01	; 1
     992:	84 e0       	ldi	r24, 0x04	; 4
     994:	60 e0       	ldi	r22, 0x00	; 0
     996:	af 01       	movw	r20, r30
     998:	21 e0       	ldi	r18, 0x01	; 1
     99a:	0e 94 1d 02 	call	0x43a	; 0x43a <nRF24L01P_ReadWrite_Register>
  nRF24L01P->TempBuf[0]=0x02;  nRF24L01P_ReadWrite_Register(0x05,0,nRF24L01P->TempBuf,1);
     99e:	e0 91 c9 06 	lds	r30, 0x06C9
     9a2:	f0 91 ca 06 	lds	r31, 0x06CA
     9a6:	82 e0       	ldi	r24, 0x02	; 2
     9a8:	81 83       	std	Z+1, r24	; 0x01
     9aa:	31 96       	adiw	r30, 0x01	; 1
     9ac:	85 e0       	ldi	r24, 0x05	; 5
     9ae:	60 e0       	ldi	r22, 0x00	; 0
     9b0:	af 01       	movw	r20, r30
     9b2:	21 e0       	ldi	r18, 0x01	; 1
     9b4:	0e 94 1d 02 	call	0x43a	; 0x43a <nRF24L01P_ReadWrite_Register>
  nRF24L01P->TempBuf[0]=0x06;  nRF24L01P_ReadWrite_Register(0x06,0,nRF24L01P->TempBuf,1); 
     9b8:	e0 91 c9 06 	lds	r30, 0x06C9
     9bc:	f0 91 ca 06 	lds	r31, 0x06CA
     9c0:	86 e0       	ldi	r24, 0x06	; 6
     9c2:	81 83       	std	Z+1, r24	; 0x01
     9c4:	31 96       	adiw	r30, 0x01	; 1
     9c6:	60 e0       	ldi	r22, 0x00	; 0
     9c8:	af 01       	movw	r20, r30
     9ca:	21 e0       	ldi	r18, 0x01	; 1
     9cc:	0e 94 1d 02 	call	0x43a	; 0x43a <nRF24L01P_ReadWrite_Register>
  nRF24L01P->TempBuf[0]=0x70;  nRF24L01P_ReadWrite_Register(0x07,0,nRF24L01P->TempBuf,1);
     9d0:	e0 91 c9 06 	lds	r30, 0x06C9
     9d4:	f0 91 ca 06 	lds	r31, 0x06CA
     9d8:	80 e7       	ldi	r24, 0x70	; 112
     9da:	81 83       	std	Z+1, r24	; 0x01
     9dc:	31 96       	adiw	r30, 0x01	; 1
     9de:	87 e0       	ldi	r24, 0x07	; 7
     9e0:	60 e0       	ldi	r22, 0x00	; 0
     9e2:	af 01       	movw	r20, r30
     9e4:	21 e0       	ldi	r18, 0x01	; 1
     9e6:	0e 94 1d 02 	call	0x43a	; 0x43a <nRF24L01P_ReadWrite_Register>
  nRF24L01P->TempBuf[0]=nRF24L01P_PACKET_LEN;  
     9ea:	e0 91 c9 06 	lds	r30, 0x06C9
     9ee:	f0 91 ca 06 	lds	r31, 0x06CA
     9f2:	10 e2       	ldi	r17, 0x20	; 32
     9f4:	11 83       	std	Z+1, r17	; 0x01
  nRF24L01P_ReadWrite_Register(0x11,0,nRF24L01P->TempBuf,1);
     9f6:	31 96       	adiw	r30, 0x01	; 1
     9f8:	81 e1       	ldi	r24, 0x11	; 17
     9fa:	60 e0       	ldi	r22, 0x00	; 0
     9fc:	af 01       	movw	r20, r30
     9fe:	21 e0       	ldi	r18, 0x01	; 1
     a00:	0e 94 1d 02 	call	0x43a	; 0x43a <nRF24L01P_ReadWrite_Register>
  nRF24L01P->TempBuf[0]=nRF24L01P_PACKET_LEN;  
     a04:	e0 91 c9 06 	lds	r30, 0x06C9
     a08:	f0 91 ca 06 	lds	r31, 0x06CA
     a0c:	11 83       	std	Z+1, r17	; 0x01
  nRF24L01P_ReadWrite_Register(0x12,0,nRF24L01P->TempBuf,1);
     a0e:	31 96       	adiw	r30, 0x01	; 1
     a10:	82 e1       	ldi	r24, 0x12	; 18
     a12:	60 e0       	ldi	r22, 0x00	; 0
     a14:	af 01       	movw	r20, r30
     a16:	21 e0       	ldi	r18, 0x01	; 1
     a18:	0e 94 1d 02 	call	0x43a	; 0x43a <nRF24L01P_ReadWrite_Register>
  nRF24L01P->TempBuf[0]=0x00;  nRF24L01P_ReadWrite_Register(0x1C,0,nRF24L01P->TempBuf,1);
     a1c:	e0 91 c9 06 	lds	r30, 0x06C9
     a20:	f0 91 ca 06 	lds	r31, 0x06CA
     a24:	11 82       	std	Z+1, r1	; 0x01
     a26:	31 96       	adiw	r30, 0x01	; 1
     a28:	8c e1       	ldi	r24, 0x1C	; 28
     a2a:	60 e0       	ldi	r22, 0x00	; 0
     a2c:	af 01       	movw	r20, r30
     a2e:	21 e0       	ldi	r18, 0x01	; 1
     a30:	0e 94 1d 02 	call	0x43a	; 0x43a <nRF24L01P_ReadWrite_Register>
  nRF24L01P->TempBuf[0]=0x00;  nRF24L01P_ReadWrite_Register(0x1D,0,nRF24L01P->TempBuf,1);
     a34:	e0 91 c9 06 	lds	r30, 0x06C9
     a38:	f0 91 ca 06 	lds	r31, 0x06CA
     a3c:	11 82       	std	Z+1, r1	; 0x01
     a3e:	31 96       	adiw	r30, 0x01	; 1
     a40:	8d e1       	ldi	r24, 0x1D	; 29
     a42:	60 e0       	ldi	r22, 0x00	; 0
     a44:	af 01       	movw	r20, r30
     a46:	21 e0       	ldi	r18, 0x01	; 1
     a48:	0e 94 1d 02 	call	0x43a	; 0x43a <nRF24L01P_ReadWrite_Register>
  nRF24L01P_ReadWrite_Register(0x10,0,(uint8_t*)"ACK00",5);
     a4c:	00 e0       	ldi	r16, 0x00	; 0
     a4e:	11 e0       	ldi	r17, 0x01	; 1
     a50:	80 e1       	ldi	r24, 0x10	; 16
     a52:	60 e0       	ldi	r22, 0x00	; 0
     a54:	a8 01       	movw	r20, r16
     a56:	25 e0       	ldi	r18, 0x05	; 5
     a58:	0e 94 1d 02 	call	0x43a	; 0x43a <nRF24L01P_ReadWrite_Register>
  nRF24L01P_ReadWrite_Register(0x0A,0,(uint8_t*)"ACK00",5);
     a5c:	8a e0       	ldi	r24, 0x0A	; 10
     a5e:	60 e0       	ldi	r22, 0x00	; 0
     a60:	a8 01       	movw	r20, r16
     a62:	25 e0       	ldi	r18, 0x05	; 5
     a64:	0e 94 1d 02 	call	0x43a	; 0x43a <nRF24L01P_ReadWrite_Register>
  nRF24L01P_ReadWrite_Register(0x0B,0,(uint8_t*)"PIPE1",5);
     a68:	8b e0       	ldi	r24, 0x0B	; 11
     a6a:	60 e0       	ldi	r22, 0x00	; 0
     a6c:	46 e0       	ldi	r20, 0x06	; 6
     a6e:	51 e0       	ldi	r21, 0x01	; 1
     a70:	25 e0       	ldi	r18, 0x05	; 5
     a72:	0e 94 1d 02 	call	0x43a	; 0x43a <nRF24L01P_ReadWrite_Register>
  nRF24L01P_ReadWrite_Register(0x0C,0,(uint8_t*)"PIPE2",5);
     a76:	8c e0       	ldi	r24, 0x0C	; 12
     a78:	60 e0       	ldi	r22, 0x00	; 0
     a7a:	4c e0       	ldi	r20, 0x0C	; 12
     a7c:	51 e0       	ldi	r21, 0x01	; 1
     a7e:	25 e0       	ldi	r18, 0x05	; 5
     a80:	0e 94 1d 02 	call	0x43a	; 0x43a <nRF24L01P_ReadWrite_Register>
  nRF24L01P_ReadWrite_Register(0x0D,0,(uint8_t*)"PIPE3",5);
     a84:	8d e0       	ldi	r24, 0x0D	; 13
     a86:	60 e0       	ldi	r22, 0x00	; 0
     a88:	42 e1       	ldi	r20, 0x12	; 18
     a8a:	51 e0       	ldi	r21, 0x01	; 1
     a8c:	25 e0       	ldi	r18, 0x05	; 5
     a8e:	0e 94 1d 02 	call	0x43a	; 0x43a <nRF24L01P_ReadWrite_Register>
  nRF24L01P_ReadWrite_Register(0x0E,0,(uint8_t*)"PIPE4",5);
     a92:	8e e0       	ldi	r24, 0x0E	; 14
     a94:	60 e0       	ldi	r22, 0x00	; 0
     a96:	48 e1       	ldi	r20, 0x18	; 24
     a98:	51 e0       	ldi	r21, 0x01	; 1
     a9a:	25 e0       	ldi	r18, 0x05	; 5
     a9c:	0e 94 1d 02 	call	0x43a	; 0x43a <nRF24L01P_ReadWrite_Register>
  nRF24L01P_ReadWrite_Register(0x0F,0,(uint8_t*)"PIPE5",5);
     aa0:	8f e0       	ldi	r24, 0x0F	; 15
     aa2:	60 e0       	ldi	r22, 0x00	; 0
     aa4:	4e e1       	ldi	r20, 0x1E	; 30
     aa6:	51 e0       	ldi	r21, 0x01	; 1
     aa8:	25 e0       	ldi	r18, 0x05	; 5
     aaa:	0e 94 1d 02 	call	0x43a	; 0x43a <nRF24L01P_ReadWrite_Register>
void nRF24L01P_Set_Destination_Address(uint8_t addr){
  nRF24L01P->Address.Dest=addr;
}

void nRF24L01P_Set_Receive_Timeout(uint16_t val){
  nRF24L01P->Config.RxTimeout=val;
     aae:	e0 91 c9 06 	lds	r30, 0x06C9
     ab2:	f0 91 ca 06 	lds	r31, 0x06CA
     ab6:	80 e2       	ldi	r24, 0x20	; 32
     ab8:	90 e0       	ldi	r25, 0x00	; 0
     aba:	96 83       	std	Z+6, r25	; 0x06
     abc:	85 83       	std	Z+5, r24	; 0x05
  nRF24L01P_ReadWrite_Register(0x0C,0,(uint8_t*)"PIPE2",5);
  nRF24L01P_ReadWrite_Register(0x0D,0,(uint8_t*)"PIPE3",5);
  nRF24L01P_ReadWrite_Register(0x0E,0,(uint8_t*)"PIPE4",5);
  nRF24L01P_ReadWrite_Register(0x0F,0,(uint8_t*)"PIPE5",5);
  nRF24L01P_Set_Receive_Timeout(32);
  nRF24L01P_Deep_Sleep();
     abe:	0e 94 73 04 	call	0x8e6	; 0x8e6 <nRF24L01P_Deep_Sleep>
}
     ac2:	1f 91       	pop	r17
     ac4:	0f 91       	pop	r16
     ac6:	08 95       	ret

00000ac8 <nRF24L01P_Transmit_Basic>:

void nRF24L01P_Transmit_Basic(uint8_t *buf, uint8_t len){
     ac8:	ff 92       	push	r15
     aca:	0f 93       	push	r16
     acc:	1f 93       	push	r17
     ace:	8c 01       	movw	r16, r24
     ad0:	f6 2e       	mov	r15, r22
  nRF24L01P_Disable_SPI();
  nRF24L01P_Disable_GPIO();
}

void nRF24L01P_Error_Clear(void){
  nRF24L01P->ErrorTicks=0;
     ad2:	e0 91 c9 06 	lds	r30, 0x06C9
     ad6:	f0 91 ca 06 	lds	r31, 0x06CA
     ada:	11 8a       	std	Z+17, r1	; 0x11
     adc:	10 8a       	std	Z+16, r1	; 0x10
  nRF24L01P->Error=0;
     ade:	12 8a       	std	Z+18, r1	; 0x12
  nRF24L01P_Deep_Sleep();
}

void nRF24L01P_Transmit_Basic(uint8_t *buf, uint8_t len){
  nRF24L01P_Error_Clear();
  nRF24L01P_Set_Mode_Tx();
     ae0:	0e 94 12 03 	call	0x624	; 0x624 <nRF24L01P_Set_Mode_Tx>
  buf[nRF24L01P_SRC_ADDR_POS]=nRF24L01P->Address.Own;
     ae4:	e0 91 c9 06 	lds	r30, 0x06C9
     ae8:	f0 91 ca 06 	lds	r31, 0x06CA
     aec:	83 81       	ldd	r24, Z+3	; 0x03
     aee:	f8 01       	movw	r30, r16
     af0:	83 8f       	std	Z+27, r24	; 0x1b
  buf[nRF24L01P_DST_ADDR_POS]=nRF24L01P->Address.Dest;
     af2:	e0 91 c9 06 	lds	r30, 0x06C9
     af6:	f0 91 ca 06 	lds	r31, 0x06CA
     afa:	84 81       	ldd	r24, Z+4	; 0x04
     afc:	f8 01       	movw	r30, r16
     afe:	84 8f       	std	Z+28, r24	; 0x1c
  buf[nRF24L01P_DATA_LEN_POS]=len;
     b00:	f5 8e       	std	Z+29, r15	; 0x1d
  uint16_t temp=nRF24L01P_Calcuate_CRC_Block(buf, 30);
     b02:	c8 01       	movw	r24, r16
     b04:	6e e1       	ldi	r22, 0x1E	; 30
     b06:	0e 94 05 02 	call	0x40a	; 0x40a <nRF24L01P_Calcuate_CRC_Block>
  buf[nRF24L01P_CRC16_H_POS]=(temp >> 8);
     b0a:	f8 01       	movw	r30, r16
     b0c:	96 8f       	std	Z+30, r25	; 0x1e
  buf[nRF24L01P_CRC16_L_POS]=(temp & 0xFF);
     b0e:	87 8f       	std	Z+31, r24	; 0x1f
  nRF24L01P_Write_Data_To_Transmit_Buffer(buf);
     b10:	c8 01       	movw	r24, r16
     b12:	0e 94 67 02 	call	0x4ce	; 0x4ce <nRF24L01P_Write_Data_To_Transmit_Buffer>
void nRF24L01P_CSN_Low(void){
  nRF24L01P_CSN_PORT&=~(1<<nRF24L01P_CSN_bp);
}

void nRF24L01P_CE_High(void){
  nRF24L01P_CE_PORT|= (1<<nRF24L01P_CE_bp);
     b16:	29 9a       	sbi	0x05, 1	; 5
  uint16_t temp=nRF24L01P_Calcuate_CRC_Block(buf, 30);
  buf[nRF24L01P_CRC16_H_POS]=(temp >> 8);
  buf[nRF24L01P_CRC16_L_POS]=(temp & 0xFF);
  nRF24L01P_Write_Data_To_Transmit_Buffer(buf);
  nRF24L01P_CE_High();
  nRF24L01P_Wait_Till_Transmission_Completes();
     b18:	0e 94 93 02 	call	0x526	; 0x526 <nRF24L01P_Wait_Till_Transmission_Completes>
void nRF24L01P_CE_High(void){
  nRF24L01P_CE_PORT|= (1<<nRF24L01P_CE_bp);
}

void nRF24L01P_CE_Low(void){
  nRF24L01P_CE_PORT&=~(1<<nRF24L01P_CE_bp);
     b1c:	29 98       	cbi	0x05, 1	; 5
  buf[nRF24L01P_CRC16_L_POS]=(temp & 0xFF);
  nRF24L01P_Write_Data_To_Transmit_Buffer(buf);
  nRF24L01P_CE_High();
  nRF24L01P_Wait_Till_Transmission_Completes();
  nRF24L01P_CE_Low();
}
     b1e:	1f 91       	pop	r17
     b20:	0f 91       	pop	r16
     b22:	ff 90       	pop	r15
     b24:	08 95       	ret

00000b26 <nRF24L01P_Recieve_Basic>:


uint8_t nRF24L01P_Recieve_Basic(uint8_t *buf){
     b26:	df 92       	push	r13
     b28:	ef 92       	push	r14
     b2a:	ff 92       	push	r15
     b2c:	0f 93       	push	r16
     b2e:	1f 93       	push	r17
     b30:	cf 93       	push	r28
     b32:	df 93       	push	r29
     b34:	7c 01       	movw	r14, r24
  nRF24L01P_Disable_SPI();
  nRF24L01P_Disable_GPIO();
}

void nRF24L01P_Error_Clear(void){
  nRF24L01P->ErrorTicks=0;
     b36:	e0 91 c9 06 	lds	r30, 0x06C9
     b3a:	f0 91 ca 06 	lds	r31, 0x06CA
     b3e:	11 8a       	std	Z+17, r1	; 0x11
     b40:	10 8a       	std	Z+16, r1	; 0x10
  nRF24L01P->Error=0;
     b42:	12 8a       	std	Z+18, r1	; 0x12

uint8_t nRF24L01P_Recieve_Basic(uint8_t *buf){
  uint8_t sts=0;
  uint16_t rec_crc, calc_crc;
  nRF24L01P_Error_Clear();
  nRF24L01P->Config.RxTicks=0;
     b44:	10 86       	std	Z+8, r1	; 0x08
     b46:	17 82       	std	Z+7, r1	; 0x07
  nRF24L01P_Set_Mode_Rx();
     b48:	0e 94 2c 03 	call	0x658	; 0x658 <nRF24L01P_Set_Mode_Rx>
     b4c:	75 e8       	ldi	r23, 0x85	; 133
     b4e:	d7 2e       	mov	r13, r23
     b50:	23 c0       	rjmp	.+70     	; 0xb98 <nRF24L01P_Recieve_Basic+0x72>
  while(nRF24L01P->Config.RxTicks < nRF24L01P->Config.RxTimeout){
    if(nRF24L01P_Receive_Buffer_Not_Empty()){
     b52:	0e 94 c4 02 	call	0x588	; 0x588 <nRF24L01P_Receive_Buffer_Not_Empty>
     b56:	88 23       	and	r24, r24
     b58:	99 f0       	breq	.+38     	; 0xb80 <nRF24L01P_Recieve_Basic+0x5a>
      nRF24L01P_Read_Data_From_Receive_Buffer(buf);
     b5a:	c7 01       	movw	r24, r14
     b5c:	0e 94 b6 02 	call	0x56c	; 0x56c <nRF24L01P_Read_Data_From_Receive_Buffer>
	    rec_crc=buf[nRF24L01P_CRC16_H_POS];
	    rec_crc<<=8;
     b60:	f7 01       	movw	r30, r14
     b62:	d6 8d       	ldd	r29, Z+30	; 0x1e
     b64:	c0 e0       	ldi	r28, 0x00	; 0
	    rec_crc|=buf[nRF24L01P_CRC16_L_POS];
     b66:	07 8d       	ldd	r16, Z+31	; 0x1f
     b68:	10 e0       	ldi	r17, 0x00	; 0
     b6a:	0c 2b       	or	r16, r28
     b6c:	1d 2b       	or	r17, r29
      calc_crc=nRF24L01P_Calcuate_CRC_Block(buf, nRF24L01P_CRC_CALC_LEN);
     b6e:	c7 01       	movw	r24, r14
     b70:	6e e1       	ldi	r22, 0x1E	; 30
     b72:	0e 94 05 02 	call	0x40a	; 0x40a <nRF24L01P_Calcuate_CRC_Block>
      if(rec_crc == calc_crc){
     b76:	08 17       	cp	r16, r24
     b78:	19 07       	cpc	r17, r25
     b7a:	11 f4       	brne	.+4      	; 0xb80 <nRF24L01P_Recieve_Basic+0x5a>
     b7c:	81 e0       	ldi	r24, 0x01	; 1
     b7e:	18 c0       	rjmp	.+48     	; 0xbb0 <nRF24L01P_Recieve_Basic+0x8a>
     b80:	8d 2d       	mov	r24, r13
     b82:	8a 95       	dec	r24
     b84:	f1 f7       	brne	.-4      	; 0xb82 <nRF24L01P_Recieve_Basic+0x5c>
		    sts=1;
		    break;
	    }
    }
    _delay_us(100);
    nRF24L01P->Config.RxTicks++;
     b86:	e0 91 c9 06 	lds	r30, 0x06C9
     b8a:	f0 91 ca 06 	lds	r31, 0x06CA
     b8e:	87 81       	ldd	r24, Z+7	; 0x07
     b90:	90 85       	ldd	r25, Z+8	; 0x08
     b92:	01 96       	adiw	r24, 0x01	; 1
     b94:	90 87       	std	Z+8, r25	; 0x08
     b96:	87 83       	std	Z+7, r24	; 0x07
  uint8_t sts=0;
  uint16_t rec_crc, calc_crc;
  nRF24L01P_Error_Clear();
  nRF24L01P->Config.RxTicks=0;
  nRF24L01P_Set_Mode_Rx();
  while(nRF24L01P->Config.RxTicks < nRF24L01P->Config.RxTimeout){
     b98:	e0 91 c9 06 	lds	r30, 0x06C9
     b9c:	f0 91 ca 06 	lds	r31, 0x06CA
     ba0:	27 81       	ldd	r18, Z+7	; 0x07
     ba2:	30 85       	ldd	r19, Z+8	; 0x08
     ba4:	85 81       	ldd	r24, Z+5	; 0x05
     ba6:	96 81       	ldd	r25, Z+6	; 0x06
     ba8:	28 17       	cp	r18, r24
     baa:	39 07       	cpc	r19, r25
     bac:	90 f2       	brcs	.-92     	; 0xb52 <nRF24L01P_Recieve_Basic+0x2c>
     bae:	80 e0       	ldi	r24, 0x00	; 0
    }
    _delay_us(100);
    nRF24L01P->Config.RxTicks++;
  }
  return sts;
}
     bb0:	df 91       	pop	r29
     bb2:	cf 91       	pop	r28
     bb4:	1f 91       	pop	r17
     bb6:	0f 91       	pop	r16
     bb8:	ff 90       	pop	r15
     bba:	ef 90       	pop	r14
     bbc:	df 90       	pop	r13
     bbe:	08 95       	ret

00000bc0 <nRF24L01P_Transmit_With_ACK>:

uint8_t nRF24L01P_Transmit_With_ACK(uint8_t *buf, uint8_t len){
     bc0:	cf 93       	push	r28
     bc2:	df 93       	push	r29
     bc4:	ec 01       	movw	r28, r24
  uint8_t sts=0;
  if(nRF24L01P->Packet.ACKReq){
     bc6:	e0 91 c9 06 	lds	r30, 0x06C9
     bca:	f0 91 ca 06 	lds	r31, 0x06CA
     bce:	87 85       	ldd	r24, Z+15	; 0x0f
     bd0:	88 23       	and	r24, r24
     bd2:	19 f0       	breq	.+6      	; 0xbda <nRF24L01P_Transmit_With_ACK+0x1a>
    buf[nRF24L01P_PACKET_LEN-6]=1;
     bd4:	81 e0       	ldi	r24, 0x01	; 1
     bd6:	8a 8f       	std	Y+26, r24	; 0x1a
     bd8:	01 c0       	rjmp	.+2      	; 0xbdc <nRF24L01P_Transmit_With_ACK+0x1c>
  }else{
    buf[nRF24L01P_PACKET_LEN-6]=0;
     bda:	1a 8e       	std	Y+26, r1	; 0x1a
  }
  nRF24L01P_Transmit_Basic(buf, len);
     bdc:	ce 01       	movw	r24, r28
     bde:	0e 94 64 05 	call	0xac8	; 0xac8 <nRF24L01P_Transmit_Basic>
  if(nRF24L01P_Recieve_Basic(buf)){
     be2:	ce 01       	movw	r24, r28
     be4:	0e 94 93 05 	call	0xb26	; 0xb26 <nRF24L01P_Recieve_Basic>
     be8:	81 11       	cpse	r24, r1
     bea:	81 e0       	ldi	r24, 0x01	; 1
    //if( (nRF24L01P->Address.Own == buf[28])){
      sts=1;
    //}
  }
  return sts;
}
     bec:	df 91       	pop	r29
     bee:	cf 91       	pop	r28
     bf0:	08 95       	ret

00000bf2 <nRF24L01P_Recieve_With_ACK>:


uint8_t nRF24L01P_Recieve_With_ACK(uint8_t *buf){
     bf2:	cf 93       	push	r28
     bf4:	df 93       	push	r29
     bf6:	ec 01       	movw	r28, r24
  uint8_t sts=0;
  if(nRF24L01P_Recieve_Basic(buf)){
     bf8:	0e 94 93 05 	call	0xb26	; 0xb26 <nRF24L01P_Recieve_Basic>
     bfc:	88 23       	and	r24, r24
     bfe:	b9 f0       	breq	.+46     	; 0xc2e <nRF24L01P_Recieve_With_ACK+0x3c>
    if((buf[nRF24L01P_PACKET_LEN-6]==1) && (nRF24L01P->Address.Own == buf[nRF24L01P_PACKET_LEN-4])){
     c00:	8a 8d       	ldd	r24, Y+26	; 0x1a
     c02:	81 30       	cpi	r24, 0x01	; 1
     c04:	a1 f4       	brne	.+40     	; 0xc2e <nRF24L01P_Recieve_With_ACK+0x3c>
     c06:	e0 91 c9 06 	lds	r30, 0x06C9
     c0a:	f0 91 ca 06 	lds	r31, 0x06CA
     c0e:	93 81       	ldd	r25, Z+3	; 0x03
     c10:	8c 8d       	ldd	r24, Y+28	; 0x1c
     c12:	98 17       	cp	r25, r24
     c14:	61 f4       	brne	.+24     	; 0xc2e <nRF24L01P_Recieve_With_ACK+0x3c>
    milliseconds can be achieved.
 */
void
_delay_loop_2(uint16_t __count)
{
	__asm__ volatile (
     c16:	84 ef       	ldi	r24, 0xF4	; 244
     c18:	91 e0       	ldi	r25, 0x01	; 1
     c1a:	01 97       	sbiw	r24, 0x01	; 1
     c1c:	f1 f7       	brne	.-4      	; 0xc1a <nRF24L01P_Recieve_With_ACK+0x28>
void nRF24L01P_Set_Own_Address(uint8_t addr){
  nRF24L01P->Address.Own=addr;
}

void nRF24L01P_Set_Destination_Address(uint8_t addr){
  nRF24L01P->Address.Dest=addr;
     c1e:	8b 8d       	ldd	r24, Y+27	; 0x1b
     c20:	84 83       	std	Z+4, r24	; 0x04
  uint8_t sts=0;
  if(nRF24L01P_Recieve_Basic(buf)){
    if((buf[nRF24L01P_PACKET_LEN-6]==1) && (nRF24L01P->Address.Own == buf[nRF24L01P_PACKET_LEN-4])){
      _delay_us(500);
	  nRF24L01P_Set_Destination_Address(buf[nRF24L01P_PACKET_LEN-5]);
      nRF24L01P_Transmit_Basic(buf, 2);
     c22:	ce 01       	movw	r24, r28
     c24:	62 e0       	ldi	r22, 0x02	; 2
     c26:	0e 94 64 05 	call	0xac8	; 0xac8 <nRF24L01P_Transmit_Basic>
     c2a:	81 e0       	ldi	r24, 0x01	; 1
     c2c:	01 c0       	rjmp	.+2      	; 0xc30 <nRF24L01P_Recieve_With_ACK+0x3e>
     c2e:	80 e0       	ldi	r24, 0x00	; 0
      sts=1;
    }
  }
  return sts;
}
     c30:	df 91       	pop	r29
     c32:	cf 91       	pop	r28
     c34:	08 95       	ret

00000c36 <nRF24L01P_Error_Handler>:
  nRF24L01P->ErrorTicks=0;
  nRF24L01P->Error=0;
}

uint8_t nRF24L01P_Get_Error(void){
  return nRF24L01P->Error;
     c36:	e0 91 c9 06 	lds	r30, 0x06C9
     c3a:	f0 91 ca 06 	lds	r31, 0x06CA
}

uint8_t nRF24L01P_No_Error(void){
  if(nRF24L01P_Get_Error()==0){
     c3e:	82 89       	ldd	r24, Z+18	; 0x12
     c40:	88 23       	and	r24, r24
     c42:	39 f0       	breq	.+14     	; 0xc52 <nRF24L01P_Error_Handler+0x1c>
  nRF24L01P_Disable_SPI();
  nRF24L01P_Disable_GPIO();
}

void nRF24L01P_Error_Clear(void){
  nRF24L01P->ErrorTicks=0;
     c44:	11 8a       	std	Z+17, r1	; 0x11
     c46:	10 8a       	std	Z+16, r1	; 0x10
  nRF24L01P->Error=0;
     c48:	12 8a       	std	Z+18, r1	; 0x12


void nRF24L01P_Error_Handler(void){
  if(nRF24L01P_No_Error() == 0){
    nRF24L01P_Error_Clear();
    nRF24L01P_Disable();
     c4a:	0e 94 9d 01 	call	0x33a	; 0x33a <nRF24L01P_Disable>
    nRF24L01P_Init();
     c4e:	0e 94 8b 04 	call	0x916	; 0x916 <nRF24L01P_Init>
     c52:	08 95       	ret

00000c54 <Peripherals_ADC_Init>:
};


void Peripherals_ADC_Init(void){
  uint8_t tout = 0;
  if( !(ADCSRA & (1<<ADEN)) ){
     c54:	80 91 7a 00 	lds	r24, 0x007A
     c58:	87 fd       	sbrc	r24, 7
     c5a:	1c c0       	rjmp	.+56     	; 0xc94 <Peripherals_ADC_Init+0x40>
    ADMUX   = (1<<REFS1)|(1<<REFS0)|0x0F;
     c5c:	8f ec       	ldi	r24, 0xCF	; 207
     c5e:	80 93 7c 00 	sts	0x007C, r24
    ADCSRA  = (1<<ADPS1)|(1<<ADPS2);
     c62:	86 e0       	ldi	r24, 0x06	; 6
     c64:	80 93 7a 00 	sts	0x007A, r24
    ADCSRA |= (1<<ADEN) |(1<<ADSC);
     c68:	80 91 7a 00 	lds	r24, 0x007A
     c6c:	80 6c       	ori	r24, 0xC0	; 192
     c6e:	80 93 7a 00 	sts	0x007A, r24
     c72:	90 e0       	ldi	r25, 0x00	; 0
    can be achieved.
*/
void
_delay_loop_1(uint8_t __count)
{
	__asm__ volatile (
     c74:	2d e0       	ldi	r18, 0x0D	; 13
     c76:	0a c0       	rjmp	.+20     	; 0xc8c <Peripherals_ADC_Init+0x38>
    while (!(ADCSRA & (1<<ADIF))) {
      //add timeout management
      tout++;
     c78:	9f 5f       	subi	r25, 0xFF	; 255
     c7a:	82 2f       	mov	r24, r18
     c7c:	8a 95       	dec	r24
     c7e:	f1 f7       	brne	.-4      	; 0xc7c <Peripherals_ADC_Init+0x28>
      _delay_us(10);
      if(tout > 200){
     c80:	99 3c       	cpi	r25, 0xC9	; 201
     c82:	21 f4       	brne	.+8      	; 0xc8c <Peripherals_ADC_Init+0x38>
        Peripherals.Error = 0x01;
     c84:	81 e0       	ldi	r24, 0x01	; 1
     c86:	80 93 31 01 	sts	0x0131, r24
     c8a:	08 95       	ret
  uint8_t tout = 0;
  if( !(ADCSRA & (1<<ADEN)) ){
    ADMUX   = (1<<REFS1)|(1<<REFS0)|0x0F;
    ADCSRA  = (1<<ADPS1)|(1<<ADPS2);
    ADCSRA |= (1<<ADEN) |(1<<ADSC);
    while (!(ADCSRA & (1<<ADIF))) {
     c8c:	80 91 7a 00 	lds	r24, 0x007A
     c90:	84 ff       	sbrs	r24, 4
     c92:	f2 cf       	rjmp	.-28     	; 0xc78 <Peripherals_ADC_Init+0x24>
     c94:	08 95       	ret

00000c96 <Peripherals_ADC_Sample>:

    }
  }
}

uint16_t Peripherals_ADC_Sample(uint8_t channel, uint8_t nsamples){
     c96:	df 92       	push	r13
     c98:	ef 92       	push	r14
     c9a:	ff 92       	push	r15
     c9c:	0f 93       	push	r16
     c9e:	1f 93       	push	r17
     ca0:	18 2f       	mov	r17, r24
     ca2:	d6 2e       	mov	r13, r22
  uint8_t  temp, tout;
  uint32_t val = 0;
  Peripherals_ADC_Init();
     ca4:	0e 94 2a 06 	call	0xc54	; 0xc54 <Peripherals_ADC_Init>
  if(Peripherals.Error == 0){
     ca8:	80 91 31 01 	lds	r24, 0x0131
     cac:	88 23       	and	r24, r24
     cae:	09 f0       	breq	.+2      	; 0xcb2 <Peripherals_ADC_Sample+0x1c>
     cb0:	40 c0       	rjmp	.+128    	; 0xd32 <Peripherals_ADC_Sample+0x9c>
    temp  = ADMUX;
     cb2:	80 91 7c 00 	lds	r24, 0x007C
    temp &= 0xF0;
     cb6:	80 7f       	andi	r24, 0xF0	; 240
    temp |= channel;
     cb8:	81 2b       	or	r24, r17
    ADMUX = temp;
     cba:	80 93 7c 00 	sts	0x007C, r24
    milliseconds can be achieved.
 */
void
_delay_loop_2(uint16_t __count)
{
	__asm__ volatile (
     cbe:	84 ef       	ldi	r24, 0xF4	; 244
     cc0:	91 e0       	ldi	r25, 0x01	; 1
     cc2:	01 97       	sbiw	r24, 0x01	; 1
     cc4:	f1 f7       	brne	.-4      	; 0xcc2 <Peripherals_ADC_Sample+0x2c>
     cc6:	ee 24       	eor	r14, r14
     cc8:	ff 24       	eor	r15, r15
     cca:	87 01       	movw	r16, r14
     ccc:	20 e0       	ldi	r18, 0x00	; 0
     cce:	30 e0       	ldi	r19, 0x00	; 0
    can be achieved.
*/
void
_delay_loop_1(uint8_t __count)
{
	__asm__ volatile (
     cd0:	4d e0       	ldi	r20, 0x0D	; 13
     cd2:	1e c0       	rjmp	.+60     	; 0xd10 <Peripherals_ADC_Sample+0x7a>
    _delay_us(500);
    for(uint8_t i=0; i<nsamples; i++){
      tout = 0;
      ADCSRA |= (1<<ADSC);
     cd4:	80 91 7a 00 	lds	r24, 0x007A
     cd8:	80 64       	ori	r24, 0x40	; 64
     cda:	80 93 7a 00 	sts	0x007A, r24
     cde:	90 e0       	ldi	r25, 0x00	; 0
     ce0:	08 c0       	rjmp	.+16     	; 0xcf2 <Peripherals_ADC_Sample+0x5c>
      while (!(ADCSRA & (1<<ADIF))) {
        //add timeout management
        tout++;
     ce2:	9f 5f       	subi	r25, 0xFF	; 255
     ce4:	84 2f       	mov	r24, r20
     ce6:	8a 95       	dec	r24
     ce8:	f1 f7       	brne	.-4      	; 0xce6 <Peripherals_ADC_Sample+0x50>
        _delay_us(10);
        if(tout > 200){
     cea:	99 3c       	cpi	r25, 0xC9	; 201
     cec:	11 f4       	brne	.+4      	; 0xcf2 <Peripherals_ADC_Sample+0x5c>
     cee:	31 e0       	ldi	r19, 0x01	; 1
     cf0:	04 c0       	rjmp	.+8      	; 0xcfa <Peripherals_ADC_Sample+0x64>
    ADMUX = temp;
    _delay_us(500);
    for(uint8_t i=0; i<nsamples; i++){
      tout = 0;
      ADCSRA |= (1<<ADSC);
      while (!(ADCSRA & (1<<ADIF))) {
     cf2:	80 91 7a 00 	lds	r24, 0x007A
     cf6:	84 ff       	sbrs	r24, 4
     cf8:	f4 cf       	rjmp	.-24     	; 0xce2 <Peripherals_ADC_Sample+0x4c>
        if(tout > 200){
          Peripherals.Error = 0x01;
          break;
        }
      }
      val += ADCW;
     cfa:	80 91 78 00 	lds	r24, 0x0078
     cfe:	90 91 79 00 	lds	r25, 0x0079
     d02:	a0 e0       	ldi	r26, 0x00	; 0
     d04:	b0 e0       	ldi	r27, 0x00	; 0
     d06:	e8 0e       	add	r14, r24
     d08:	f9 1e       	adc	r15, r25
     d0a:	0a 1f       	adc	r16, r26
     d0c:	1b 1f       	adc	r17, r27
    temp  = ADMUX;
    temp &= 0xF0;
    temp |= channel;
    ADMUX = temp;
    _delay_us(500);
    for(uint8_t i=0; i<nsamples; i++){
     d0e:	2f 5f       	subi	r18, 0xFF	; 255
     d10:	2d 15       	cp	r18, r13
     d12:	00 f3       	brcs	.-64     	; 0xcd4 <Peripherals_ADC_Sample+0x3e>
     d14:	30 93 31 01 	sts	0x0131, r19
          break;
        }
      }
      val += ADCW;
    }
    val /= nsamples;
     d18:	2d 2d       	mov	r18, r13
     d1a:	30 e0       	ldi	r19, 0x00	; 0
     d1c:	40 e0       	ldi	r20, 0x00	; 0
     d1e:	50 e0       	ldi	r21, 0x00	; 0
     d20:	c8 01       	movw	r24, r16
     d22:	b7 01       	movw	r22, r14
     d24:	0e 94 5b 0f 	call	0x1eb6	; 0x1eb6 <__udivmodsi4>
     d28:	c9 01       	movw	r24, r18
     d2a:	da 01       	movw	r26, r20
     d2c:	9c 01       	movw	r18, r24
     d2e:	ad 01       	movw	r20, r26
     d30:	0a c0       	rjmp	.+20     	; 0xd46 <Peripherals_ADC_Sample+0xb0>
  }
  else{
    Peripherals.StickyError = Peripherals.Error;
     d32:	80 93 32 01 	sts	0x0132, r24
    Peripherals.Error = 0;
     d36:	10 92 31 01 	sts	0x0131, r1
    Peripherals_ADC_Init();
     d3a:	0e 94 2a 06 	call	0xc54	; 0xc54 <Peripherals_ADC_Init>
     d3e:	20 e0       	ldi	r18, 0x00	; 0
     d40:	30 e0       	ldi	r19, 0x00	; 0
     d42:	40 e0       	ldi	r20, 0x00	; 0
     d44:	50 e0       	ldi	r21, 0x00	; 0
  }
  return (uint16_t)val;
}
     d46:	c9 01       	movw	r24, r18
     d48:	1f 91       	pop	r17
     d4a:	0f 91       	pop	r16
     d4c:	ff 90       	pop	r15
     d4e:	ef 90       	pop	r14
     d50:	df 90       	pop	r13
     d52:	08 95       	ret

00000d54 <Peripherals_Vin_Sense_Sample>:

void Peripherals_Vin_Sense_Sample(void){
  //Status bit 0 indicates Vinsense measurement is active
  Peripherals.Status    |= (1<<0);
     d54:	80 91 24 01 	lds	r24, 0x0124
     d58:	81 60       	ori	r24, 0x01	; 1
     d5a:	80 93 24 01 	sts	0x0124, r24
  //Enable VinSense
  PORTD |= (1<<2);
     d5e:	5a 9a       	sbi	0x0b, 2	; 11
  //Dummy ample to remove noise
  Peripherals_ADC_Sample(6, 2);
     d60:	86 e0       	ldi	r24, 0x06	; 6
     d62:	62 e0       	ldi	r22, 0x02	; 2
     d64:	0e 94 4b 06 	call	0xc96	; 0xc96 <Peripherals_ADC_Sample>
  //Sample ADC
  Peripherals.VinRawADC  = Peripherals_ADC_Sample(6, 4);
     d68:	86 e0       	ldi	r24, 0x06	; 6
     d6a:	64 e0       	ldi	r22, 0x04	; 4
     d6c:	0e 94 4b 06 	call	0xc96	; 0xc96 <Peripherals_ADC_Sample>
     d70:	90 93 26 01 	sts	0x0126, r25
     d74:	80 93 25 01 	sts	0x0125, r24
  //Disable VinSense
  PORTD &=~(1<<2);
     d78:	5a 98       	cbi	0x0b, 2	; 11
  Peripherals.VinSense   = PERIPHERAL_ADC_VREFINT_MV;
  //Voltage divider factor
  Peripherals.VinSense  *= PERIPHERAL_ADC_VIN_SCALING_FACTOR_X10;
  Peripherals.VinSense  *= Peripherals.VinRawADC;
  Peripherals.VinSense >>= 10;
  Peripherals.VinSense  /= 10;
     d7a:	a0 e0       	ldi	r26, 0x00	; 0
     d7c:	b0 e0       	ldi	r27, 0x00	; 0
     d7e:	bc 01       	movw	r22, r24
     d80:	cd 01       	movw	r24, r26
     d82:	24 ec       	ldi	r18, 0xC4	; 196
     d84:	3f eb       	ldi	r19, 0xBF	; 191
     d86:	43 e0       	ldi	r20, 0x03	; 3
     d88:	50 e0       	ldi	r21, 0x00	; 0
     d8a:	0e 94 3c 0f 	call	0x1e78	; 0x1e78 <__mulsi3>
     d8e:	2a e0       	ldi	r18, 0x0A	; 10
     d90:	96 95       	lsr	r25
     d92:	87 95       	ror	r24
     d94:	77 95       	ror	r23
     d96:	67 95       	ror	r22
     d98:	2a 95       	dec	r18
     d9a:	d1 f7       	brne	.-12     	; 0xd90 <Peripherals_Vin_Sense_Sample+0x3c>
     d9c:	2a e0       	ldi	r18, 0x0A	; 10
     d9e:	30 e0       	ldi	r19, 0x00	; 0
     da0:	40 e0       	ldi	r20, 0x00	; 0
     da2:	50 e0       	ldi	r21, 0x00	; 0
     da4:	0e 94 5b 0f 	call	0x1eb6	; 0x1eb6 <__udivmodsi4>
     da8:	20 93 27 01 	sts	0x0127, r18
     dac:	30 93 28 01 	sts	0x0128, r19
     db0:	40 93 29 01 	sts	0x0129, r20
     db4:	50 93 2a 01 	sts	0x012A, r21
  Peripherals.Status    &=~(1<<0);
     db8:	80 91 24 01 	lds	r24, 0x0124
     dbc:	8e 7f       	andi	r24, 0xFE	; 254
     dbe:	80 93 24 01 	sts	0x0124, r24
}
     dc2:	08 95       	ret

00000dc4 <Peripherals_V3V3_Sense_Sample>:

void Peripherals_V3V3_Sense_Sample(void){
  //Status bit 0 indicates V3V3 measurement is active
  Peripherals.Status    |= (1<<1);
     dc4:	80 91 24 01 	lds	r24, 0x0124
     dc8:	82 60       	ori	r24, 0x02	; 2
     dca:	80 93 24 01 	sts	0x0124, r24
  //Dummy ample to remove noise
  Peripherals_ADC_Sample(7, 2);
     dce:	87 e0       	ldi	r24, 0x07	; 7
     dd0:	62 e0       	ldi	r22, 0x02	; 2
     dd2:	0e 94 4b 06 	call	0xc96	; 0xc96 <Peripherals_ADC_Sample>
  //Sample ADC
  Peripherals.V3V3RawADC = Peripherals_ADC_Sample(7, 4);
     dd6:	87 e0       	ldi	r24, 0x07	; 7
     dd8:	64 e0       	ldi	r22, 0x04	; 4
     dda:	0e 94 4b 06 	call	0xc96	; 0xc96 <Peripherals_ADC_Sample>
     dde:	90 93 2c 01 	sts	0x012C, r25
     de2:	80 93 2b 01 	sts	0x012B, r24
  Peripherals.V3V3Sense  = PERIPHERAL_ADC_VREFINT_MV;
  //Voltage divider factor
  Peripherals.V3V3Sense  *= PERIPHERAL_ADC_V3V3_SCALING_FACTOR_X10;
  Peripherals.V3V3Sense  *= Peripherals.V3V3RawADC;
  Peripherals.V3V3Sense >>= 10;
  Peripherals.V3V3Sense  /= 10;
     de6:	a0 e0       	ldi	r26, 0x00	; 0
     de8:	b0 e0       	ldi	r27, 0x00	; 0
     dea:	bc 01       	movw	r22, r24
     dec:	cd 01       	movw	r24, r26
     dee:	2c eb       	ldi	r18, 0xBC	; 188
     df0:	36 ef       	ldi	r19, 0xF6	; 246
     df2:	41 e0       	ldi	r20, 0x01	; 1
     df4:	50 e0       	ldi	r21, 0x00	; 0
     df6:	0e 94 3c 0f 	call	0x1e78	; 0x1e78 <__mulsi3>
     dfa:	3a e0       	ldi	r19, 0x0A	; 10
     dfc:	96 95       	lsr	r25
     dfe:	87 95       	ror	r24
     e00:	77 95       	ror	r23
     e02:	67 95       	ror	r22
     e04:	3a 95       	dec	r19
     e06:	d1 f7       	brne	.-12     	; 0xdfc <Peripherals_V3V3_Sense_Sample+0x38>
     e08:	2a e0       	ldi	r18, 0x0A	; 10
     e0a:	30 e0       	ldi	r19, 0x00	; 0
     e0c:	40 e0       	ldi	r20, 0x00	; 0
     e0e:	50 e0       	ldi	r21, 0x00	; 0
     e10:	0e 94 5b 0f 	call	0x1eb6	; 0x1eb6 <__udivmodsi4>
     e14:	20 93 2d 01 	sts	0x012D, r18
     e18:	30 93 2e 01 	sts	0x012E, r19
     e1c:	40 93 2f 01 	sts	0x012F, r20
     e20:	50 93 30 01 	sts	0x0130, r21
  Peripherals.Status     &=~(1<<1);
     e24:	80 91 24 01 	lds	r24, 0x0124
     e28:	8d 7f       	andi	r24, 0xFD	; 253
     e2a:	80 93 24 01 	sts	0x0124, r24
}
     e2e:	08 95       	ret

00000e30 <Peripherals_Vin_RawADC_Get>:

uint16_t Peripherals_Vin_RawADC_Get(void){
  return Peripherals.VinRawADC;
}
     e30:	80 91 25 01 	lds	r24, 0x0125
     e34:	90 91 26 01 	lds	r25, 0x0126
     e38:	08 95       	ret

00000e3a <Peripherals_Vin_Get>:

uint16_t Peripherals_Vin_Get(void){
  return (uint16_t)Peripherals.VinSense;
}
     e3a:	80 91 27 01 	lds	r24, 0x0127
     e3e:	90 91 28 01 	lds	r25, 0x0128
     e42:	08 95       	ret

00000e44 <Peripherals_V3V3_RawADC_Get>:

uint16_t Peripherals_V3V3_RawADC_Get(void){
  return Peripherals.V3V3RawADC;
}
     e44:	80 91 2b 01 	lds	r24, 0x012B
     e48:	90 91 2c 01 	lds	r25, 0x012C
     e4c:	08 95       	ret

00000e4e <Peripherals_V3V3_Get>:

uint16_t Peripherals_V3V3_Get(void){
  return (uint16_t)Peripherals.V3V3Sense;
}
     e4e:	80 91 2d 01 	lds	r24, 0x012D
     e52:	90 91 2e 01 	lds	r25, 0x012E
     e56:	08 95       	ret

00000e58 <Peripherals_Analog_Temp_Get>:

int16_t Peripherals_Analog_Temp_Get(void){
  return 0;
}
     e58:	80 e0       	ldi	r24, 0x00	; 0
     e5a:	90 e0       	ldi	r25, 0x00	; 0
     e5c:	08 95       	ret

00000e5e <Peripherals_Digital_RH_Get>:
int16_t Peripherals_Digital_Temp_Get(void){
  return Sensors_HDC1080_Temp_Get();
}

uint16_t Peripherals_Digital_RH_Get(void){
  return Sensors_HDC1080_RH_Get();
     e5e:	0e 94 2c 0a 	call	0x1458	; 0x1458 <Sensors_HDC1080_RH_Get>
     e62:	08 95       	ret

00000e64 <Peripherals_Digital_Temp_Get>:
int16_t Peripherals_Analog_Temp_Get(void){
  return 0;
}

int16_t Peripherals_Digital_Temp_Get(void){
  return Sensors_HDC1080_Temp_Get();
     e64:	0e 94 27 0a 	call	0x144e	; 0x144e <Sensors_HDC1080_Temp_Get>
}
     e68:	08 95       	ret

00000e6a <RGB_Init>:


void RGB_Init(void){
    //LEDs are active low
    //Declare pins as output
    RGB_R_DDR  |= (1<<RGB_R_PIN);
     e6a:	55 9a       	sbi	0x0a, 5	; 10
    RGB_G_DDR  |= (1<<RGB_G_PIN);
     e6c:	56 9a       	sbi	0x0a, 6	; 10
    RGB_G_DDR  |= (1<<RGB_G_PIN);
     e6e:	56 9a       	sbi	0x0a, 6	; 10
    
    //Set logic high to turn off
    RGB_R_PORT |= (1<<RGB_R_PIN);
     e70:	5d 9a       	sbi	0x0b, 5	; 11
    RGB_G_PORT |= (1<<RGB_G_PIN);
     e72:	5e 9a       	sbi	0x0b, 6	; 11
    RGB_B_PORT |= (1<<RGB_B_PIN);
     e74:	5f 9a       	sbi	0x0b, 7	; 11
}
     e76:	08 95       	ret

00000e78 <RGB_Set_State>:

void RGB_Set_State(uint8_t r, uint8_t g, uint8_t b){
    if(r == ON){
     e78:	81 30       	cpi	r24, 0x01	; 1
     e7a:	11 f4       	brne	.+4      	; 0xe80 <RGB_Set_State+0x8>
        RGB_R_PORT &=~ (1<<RGB_R_PIN);
     e7c:	5d 98       	cbi	0x0b, 5	; 11
     e7e:	01 c0       	rjmp	.+2      	; 0xe82 <RGB_Set_State+0xa>
    }
    else{
        RGB_R_PORT |=  (1<<RGB_R_PIN);
     e80:	5d 9a       	sbi	0x0b, 5	; 11
    }

    if(g == ON){
     e82:	61 30       	cpi	r22, 0x01	; 1
     e84:	11 f4       	brne	.+4      	; 0xe8a <RGB_Set_State+0x12>
        RGB_G_PORT &=~ (1<<RGB_G_PIN);
     e86:	5e 98       	cbi	0x0b, 6	; 11
     e88:	01 c0       	rjmp	.+2      	; 0xe8c <RGB_Set_State+0x14>
    }
    else{
        RGB_G_PORT |=  (1<<RGB_G_PIN);
     e8a:	5e 9a       	sbi	0x0b, 6	; 11
    }

    if(b == ON){
     e8c:	41 30       	cpi	r20, 0x01	; 1
     e8e:	11 f4       	brne	.+4      	; 0xe94 <RGB_Set_State+0x1c>
        RGB_B_PORT &=~ (1<<RGB_B_PIN);
     e90:	5f 98       	cbi	0x0b, 7	; 11
     e92:	08 95       	ret
    }
    else{
        RGB_B_PORT |=  (1<<RGB_B_PIN);
     e94:	5f 9a       	sbi	0x0b, 7	; 11
     e96:	08 95       	ret

00000e98 <Sensors_HDC1080_Struct_Init>:
hdc1080_t HDC1080;
ntc_t     NTC;


void Sensors_HDC1080_Struct_Init(void){
    HDC1080.Status = 0;
     e98:	10 92 d3 06 	sts	0x06D3, r1
    HDC1080.Address = 0;
     e9c:	10 92 d7 06 	sts	0x06D7, r1
    HDC1080.LoopCnt = 0;
     ea0:	10 92 d9 06 	sts	0x06D9, r1
     ea4:	10 92 d8 06 	sts	0x06D8, r1
    HDC1080.TempReg = 0;
     ea8:	10 92 da 06 	sts	0x06DA, r1
     eac:	10 92 db 06 	sts	0x06DB, r1
     eb0:	10 92 dc 06 	sts	0x06DC, r1
     eb4:	10 92 dd 06 	sts	0x06DD, r1
    HDC1080.Temp = 0;
     eb8:	10 92 df 06 	sts	0x06DF, r1
     ebc:	10 92 de 06 	sts	0x06DE, r1
    HDC1080.RHReg = 0;
     ec0:	10 92 e0 06 	sts	0x06E0, r1
     ec4:	10 92 e1 06 	sts	0x06E1, r1
     ec8:	10 92 e2 06 	sts	0x06E2, r1
     ecc:	10 92 e3 06 	sts	0x06E3, r1
    HDC1080.RH = 0;
     ed0:	10 92 e5 06 	sts	0x06E5, r1
     ed4:	10 92 e4 06 	sts	0x06E4, r1
    HDC1080.TimeoutError = 0;
     ed8:	10 92 e6 06 	sts	0x06E6, r1
    HDC1080.Error = 0;
     edc:	10 92 e7 06 	sts	0x06E7, r1
    HDC1080.StickyError = 0;
     ee0:	10 92 e8 06 	sts	0x06E8, r1
    NTC.RawADC = 0;
     ee4:	10 92 cb 06 	sts	0x06CB, r1
     ee8:	10 92 cc 06 	sts	0x06CC, r1
     eec:	10 92 cd 06 	sts	0x06CD, r1
     ef0:	10 92 ce 06 	sts	0x06CE, r1
    NTC.Temp = 0;
     ef4:	10 92 cf 06 	sts	0x06CF, r1
     ef8:	10 92 d0 06 	sts	0x06D0, r1
     efc:	10 92 d1 06 	sts	0x06D1, r1
     f00:	10 92 d2 06 	sts	0x06D2, r1
}
     f04:	08 95       	ret

00000f06 <Sensors_Init>:

void Sensors_Init(void){
    Sensors_HDC1080_Struct_Init();
     f06:	0e 94 4c 07 	call	0xe98	; 0xe98 <Sensors_HDC1080_Struct_Init>
    //Gated with PMOS, Output logic high to turn off
    SENSORS_PWR_EN_PORT |= (1<<SENSORS_PWR_EN_BP);
     f0a:	5b 9a       	sbi	0x0b, 3	; 11
    //Declare as output pin
    SENSORS_PWR_EN_DDR  |= (1<<SENSORS_PWR_EN_BP);
     f0c:	53 9a       	sbi	0x0a, 3	; 10
    //SCL as input, internal pull-up disabled, Software I2C
    SENSORS_HDC1080_SCL_PORT &=~ (1<<SENSORS_HDC1080_SCL_BP);
     f0e:	45 98       	cbi	0x08, 5	; 8
    SENSORS_HDC1080_SCL_DDR  &=~ (1<<SENSORS_HDC1080_SCL_BP);
     f10:	3d 98       	cbi	0x07, 5	; 7
    //SDA as input, internal pull-up disabled, Software I2C
    SENSORS_HDC1080_SDA_PORT &=~ (1<<SENSORS_HDC1080_SDA_BP);
     f12:	44 98       	cbi	0x08, 4	; 8
    SENSORS_HDC1080_SDA_DDR  &=~ (1<<SENSORS_HDC1080_SDA_BP);
     f14:	3c 98       	cbi	0x07, 4	; 7
}
     f16:	08 95       	ret

00000f18 <Sensors_Power_Enable>:

void Sensors_Power_Enable(void){
    SENSORS_PWR_EN_PORT &=~ (1<<SENSORS_PWR_EN_BP);
     f18:	5b 98       	cbi	0x0b, 3	; 11
}
     f1a:	08 95       	ret

00000f1c <Sensors_Power_Disable>:

void Sensors_Power_Disable(void){
    SENSORS_PWR_EN_PORT |=  (1<<SENSORS_PWR_EN_BP);
     f1c:	5b 9a       	sbi	0x0b, 3	; 11
}
     f1e:	08 95       	ret

00000f20 <Sensors_I2C_SCL_State_Set>:

void Sensors_I2C_SCL_State_Set(uint8_t state){
    if(state == LOGIC_HIGH){
     f20:	81 30       	cpi	r24, 0x01	; 1
     f22:	21 f4       	brne	.+8      	; 0xf2c <Sensors_I2C_SCL_State_Set+0xc>
        SENSORS_HDC1080_SCL_DDR  &=~ (1<<SENSORS_HDC1080_SCL_BP);
     f24:	3d 98       	cbi	0x07, 5	; 7
        HDC1080.SCLState = LOGIC_HIGH;
     f26:	80 93 d5 06 	sts	0x06D5, r24
     f2a:	08 95       	ret
    }
    else if(state == LOGIC_LOW){
     f2c:	88 23       	and	r24, r24
     f2e:	19 f4       	brne	.+6      	; 0xf36 <Sensors_I2C_SCL_State_Set+0x16>
        SENSORS_HDC1080_SCL_DDR  |=  (1<<SENSORS_HDC1080_SCL_BP);
     f30:	3d 9a       	sbi	0x07, 5	; 7
        HDC1080.SCLState = LOGIC_LOW;
     f32:	10 92 d5 06 	sts	0x06D5, r1
     f36:	08 95       	ret

00000f38 <Sensors_I2C_SDA_State_Set>:
    }
}

void Sensors_I2C_SDA_State_Set(uint8_t state){
    if(state == LOGIC_HIGH){
     f38:	81 30       	cpi	r24, 0x01	; 1
     f3a:	21 f4       	brne	.+8      	; 0xf44 <Sensors_I2C_SDA_State_Set+0xc>
        SENSORS_HDC1080_SDA_DDR  &=~ (1<<SENSORS_HDC1080_SDA_BP);
     f3c:	3c 98       	cbi	0x07, 4	; 7
        HDC1080.SDAState = LOGIC_HIGH;
     f3e:	80 93 d6 06 	sts	0x06D6, r24
     f42:	08 95       	ret
    }
    else if(state == LOGIC_LOW){
     f44:	88 23       	and	r24, r24
     f46:	19 f4       	brne	.+6      	; 0xf4e <Sensors_I2C_SDA_State_Set+0x16>
        SENSORS_HDC1080_SDA_DDR  |=  (1<<SENSORS_HDC1080_SDA_BP);
     f48:	3c 9a       	sbi	0x07, 4	; 7
        HDC1080.SDAState = LOGIC_LOW;
     f4a:	10 92 d6 06 	sts	0x06D6, r1
     f4e:	08 95       	ret

00000f50 <Sensors_I2C_SDA_State_Get>:
    }
}

uint8_t Sensors_I2C_SDA_State_Get(void){
    if(SENSORS_HDC1080_SDA_DDR & (1<<SENSORS_HDC1080_SDA_BP)){
     f50:	3c 9b       	sbis	0x07, 4	; 7
     f52:	04 c0       	rjmp	.+8      	; 0xf5c <Sensors_I2C_SDA_State_Get+0xc>
        SENSORS_HDC1080_SDA_DDR  &=~ (1<<SENSORS_HDC1080_SDA_BP);
     f54:	3c 98       	cbi	0x07, 4	; 7
     f56:	86 e0       	ldi	r24, 0x06	; 6
     f58:	8a 95       	dec	r24
     f5a:	f1 f7       	brne	.-4      	; 0xf58 <Sensors_I2C_SDA_State_Get+0x8>
        _delay_us(SENSORS_HDC1080_HALF_BIT);
    }
    if(SENSORS_HDC1080_SDA_PIN & (1<<SENSORS_HDC1080_SDA_BP)){
     f5c:	86 b1       	in	r24, 0x06	; 6
     f5e:	90 e0       	ldi	r25, 0x00	; 0
     f60:	24 e0       	ldi	r18, 0x04	; 4
     f62:	96 95       	lsr	r25
     f64:	87 95       	ror	r24
     f66:	2a 95       	dec	r18
     f68:	e1 f7       	brne	.-8      	; 0xf62 <Sensors_I2C_SDA_State_Get+0x12>
        return LOGIC_HIGH;
    }
    else{
        return LOGIC_LOW;
    }
}
     f6a:	81 70       	andi	r24, 0x01	; 1
     f6c:	08 95       	ret

00000f6e <Sensors_I2C_Bus_Idle>:

uint8_t Sensors_I2C_Bus_Idle(void){
    if(  ((SENSORS_HDC1080_SCL_DDR & (1<<SENSORS_HDC1080_SCL_BP)) == 0) && 
     f6e:	3d 9b       	sbis	0x07, 5	; 7
     f70:	02 c0       	rjmp	.+4      	; 0xf76 <Sensors_I2C_Bus_Idle+0x8>
     f72:	80 e0       	ldi	r24, 0x00	; 0
     f74:	08 95       	ret
     f76:	87 b1       	in	r24, 0x07	; 7
     f78:	82 95       	swap	r24
     f7a:	8f 70       	andi	r24, 0x0F	; 15
     f7c:	80 95       	com	r24
     f7e:	81 70       	andi	r24, 0x01	; 1
         ((SENSORS_HDC1080_SDA_DDR & (1<<SENSORS_HDC1080_SDA_BP)) == 0) ){
        return TRUE;
    }
    return FALSE;
}
     f80:	08 95       	ret

00000f82 <Sensors_HDC1080_I2C_Start>:

void Sensors_HDC1080_I2C_Start(void){
     f82:	1f 93       	push	r17
    if(HDC1080.Error == 0){
     f84:	80 91 e7 06 	lds	r24, 0x06E7
     f88:	88 23       	and	r24, r24
     f8a:	c1 f4       	brne	.+48     	; 0xfbc <Sensors_HDC1080_I2C_Start+0x3a>
        //Emulate stop condition
        Sensors_I2C_SCL_State_Set(LOGIC_HIGH);
     f8c:	81 e0       	ldi	r24, 0x01	; 1
     f8e:	0e 94 90 07 	call	0xf20	; 0xf20 <Sensors_I2C_SCL_State_Set>
     f92:	16 e0       	ldi	r17, 0x06	; 6
     f94:	81 2f       	mov	r24, r17
     f96:	8a 95       	dec	r24
     f98:	f1 f7       	brne	.-4      	; 0xf96 <Sensors_HDC1080_I2C_Start+0x14>
        _delay_us(SENSORS_HDC1080_HALF_BIT);
        Sensors_I2C_SDA_State_Set(LOGIC_HIGH);
     f9a:	81 e0       	ldi	r24, 0x01	; 1
     f9c:	0e 94 9c 07 	call	0xf38	; 0xf38 <Sensors_I2C_SDA_State_Set>
     fa0:	81 2f       	mov	r24, r17
     fa2:	8a 95       	dec	r24
     fa4:	f1 f7       	brne	.-4      	; 0xfa2 <Sensors_HDC1080_I2C_Start+0x20>
        _delay_us(SENSORS_HDC1080_HALF_BIT);
        //Send start condition
        Sensors_I2C_SDA_State_Set(LOGIC_LOW);
     fa6:	80 e0       	ldi	r24, 0x00	; 0
     fa8:	0e 94 9c 07 	call	0xf38	; 0xf38 <Sensors_I2C_SDA_State_Set>
     fac:	81 2f       	mov	r24, r17
     fae:	8a 95       	dec	r24
     fb0:	f1 f7       	brne	.-4      	; 0xfae <Sensors_HDC1080_I2C_Start+0x2c>
        _delay_us(SENSORS_HDC1080_HALF_BIT);
        Sensors_I2C_SCL_State_Set(LOGIC_LOW);
     fb2:	80 e0       	ldi	r24, 0x00	; 0
     fb4:	0e 94 90 07 	call	0xf20	; 0xf20 <Sensors_I2C_SCL_State_Set>
     fb8:	1a 95       	dec	r17
     fba:	f1 f7       	brne	.-4      	; 0xfb8 <Sensors_HDC1080_I2C_Start+0x36>
        _delay_us(SENSORS_HDC1080_HALF_BIT);
    }
}
     fbc:	1f 91       	pop	r17
     fbe:	08 95       	ret

00000fc0 <Sensors_HDC1080_I2C_Stop>:

void Sensors_HDC1080_I2C_Stop(void){
     fc0:	1f 93       	push	r17
    if(HDC1080.Error == 0){
     fc2:	80 91 e7 06 	lds	r24, 0x06E7
     fc6:	88 23       	and	r24, r24
     fc8:	d9 f4       	brne	.+54     	; 0x1000 <Sensors_HDC1080_I2C_Stop+0x40>
        //if SCL logic high
        if( (SENSORS_HDC1080_SCL_DDR & (1<<SENSORS_HDC1080_SCL_BP)) == 0 ){
     fca:	3d 99       	sbic	0x07, 5	; 7
     fcc:	05 c0       	rjmp	.+10     	; 0xfd8 <Sensors_HDC1080_I2C_Stop+0x18>
            Sensors_I2C_SCL_State_Set(LOGIC_LOW);
     fce:	0e 94 90 07 	call	0xf20	; 0xf20 <Sensors_I2C_SCL_State_Set>
     fd2:	82 e0       	ldi	r24, 0x02	; 2
     fd4:	8a 95       	dec	r24
     fd6:	f1 f7       	brne	.-4      	; 0xfd4 <Sensors_HDC1080_I2C_Stop+0x14>
            _delay_us(SENSORS_HDC1080_QUARTER_BIT);
        }
        //if SDA logic high
        if( (SENSORS_HDC1080_SDA_DDR & (1<<SENSORS_HDC1080_SDA_BP)) == 0 ){
     fd8:	3c 99       	sbic	0x07, 4	; 7
     fda:	06 c0       	rjmp	.+12     	; 0xfe8 <Sensors_HDC1080_I2C_Stop+0x28>
            Sensors_I2C_SDA_State_Set(LOGIC_LOW);
     fdc:	80 e0       	ldi	r24, 0x00	; 0
     fde:	0e 94 9c 07 	call	0xf38	; 0xf38 <Sensors_I2C_SDA_State_Set>
     fe2:	82 e0       	ldi	r24, 0x02	; 2
     fe4:	8a 95       	dec	r24
     fe6:	f1 f7       	brne	.-4      	; 0xfe4 <Sensors_HDC1080_I2C_Stop+0x24>
            _delay_us(SENSORS_HDC1080_QUARTER_BIT);
        }
        //Send stop condition
        Sensors_I2C_SCL_State_Set(LOGIC_HIGH);
     fe8:	81 e0       	ldi	r24, 0x01	; 1
     fea:	0e 94 90 07 	call	0xf20	; 0xf20 <Sensors_I2C_SCL_State_Set>
     fee:	16 e0       	ldi	r17, 0x06	; 6
     ff0:	81 2f       	mov	r24, r17
     ff2:	8a 95       	dec	r24
     ff4:	f1 f7       	brne	.-4      	; 0xff2 <Sensors_HDC1080_I2C_Stop+0x32>
        _delay_us(SENSORS_HDC1080_HALF_BIT);
        Sensors_I2C_SDA_State_Set(LOGIC_HIGH);
     ff6:	81 e0       	ldi	r24, 0x01	; 1
     ff8:	0e 94 9c 07 	call	0xf38	; 0xf38 <Sensors_I2C_SDA_State_Set>
     ffc:	1a 95       	dec	r17
     ffe:	f1 f7       	brne	.-4      	; 0xffc <Sensors_HDC1080_I2C_Stop+0x3c>
        _delay_us(SENSORS_HDC1080_HALF_BIT);
    }
}
    1000:	1f 91       	pop	r17
    1002:	08 95       	ret

00001004 <Sensors_HDC1080_I2C_Forced_Stop>:

void Sensors_HDC1080_I2C_Forced_Stop(void){
    1004:	1f 93       	push	r17
    if(HDC1080.Error != 0){
    1006:	80 91 e7 06 	lds	r24, 0x06E7
    100a:	88 23       	and	r24, r24
    100c:	d9 f0       	breq	.+54     	; 0x1044 <Sensors_HDC1080_I2C_Forced_Stop+0x40>
        if ( Sensors_I2C_Bus_Idle() == FALSE ){
    100e:	0e 94 b7 07 	call	0xf6e	; 0xf6e <Sensors_I2C_Bus_Idle>
    1012:	88 23       	and	r24, r24
    1014:	b9 f4       	brne	.+46     	; 0x1044 <Sensors_HDC1080_I2C_Forced_Stop+0x40>
            Sensors_I2C_SCL_State_Set(LOGIC_LOW);
    1016:	0e 94 90 07 	call	0xf20	; 0xf20 <Sensors_I2C_SCL_State_Set>
    101a:	12 e0       	ldi	r17, 0x02	; 2
    101c:	81 2f       	mov	r24, r17
    101e:	8a 95       	dec	r24
    1020:	f1 f7       	brne	.-4      	; 0x101e <Sensors_HDC1080_I2C_Forced_Stop+0x1a>
            _delay_us(SENSORS_HDC1080_QUARTER_BIT);
            Sensors_I2C_SDA_State_Set(LOGIC_LOW);
    1022:	80 e0       	ldi	r24, 0x00	; 0
    1024:	0e 94 9c 07 	call	0xf38	; 0xf38 <Sensors_I2C_SDA_State_Set>
    1028:	1a 95       	dec	r17
    102a:	f1 f7       	brne	.-4      	; 0x1028 <Sensors_HDC1080_I2C_Forced_Stop+0x24>
            _delay_us(SENSORS_HDC1080_QUARTER_BIT);
            Sensors_I2C_SCL_State_Set(LOGIC_HIGH);
    102c:	81 e0       	ldi	r24, 0x01	; 1
    102e:	0e 94 90 07 	call	0xf20	; 0xf20 <Sensors_I2C_SCL_State_Set>
    1032:	16 e0       	ldi	r17, 0x06	; 6
    1034:	81 2f       	mov	r24, r17
    1036:	8a 95       	dec	r24
    1038:	f1 f7       	brne	.-4      	; 0x1036 <Sensors_HDC1080_I2C_Forced_Stop+0x32>
            _delay_us(SENSORS_HDC1080_HALF_BIT);
            Sensors_I2C_SDA_State_Set(LOGIC_HIGH);
    103a:	81 e0       	ldi	r24, 0x01	; 1
    103c:	0e 94 9c 07 	call	0xf38	; 0xf38 <Sensors_I2C_SDA_State_Set>
    1040:	1a 95       	dec	r17
    1042:	f1 f7       	brne	.-4      	; 0x1040 <Sensors_HDC1080_I2C_Forced_Stop+0x3c>
            _delay_us(SENSORS_HDC1080_HALF_BIT);
        }
    }
}
    1044:	1f 91       	pop	r17
    1046:	08 95       	ret

00001048 <Sensors_HDC1080_I2C_Send>:

void Sensors_HDC1080_I2C_Send(uint8_t addr){
    1048:	ff 92       	push	r15
    104a:	0f 93       	push	r16
    104c:	1f 93       	push	r17
    104e:	08 2f       	mov	r16, r24
    if(HDC1080.Error == 0){
    1050:	80 91 e7 06 	lds	r24, 0x06E7
    1054:	88 23       	and	r24, r24
    1056:	f1 f4       	brne	.+60     	; 0x1094 <Sensors_HDC1080_I2C_Send+0x4c>
    1058:	10 e0       	ldi	r17, 0x00	; 0
    105a:	36 e0       	ldi	r19, 0x06	; 6
    105c:	f3 2e       	mov	r15, r19
        for(uint8_t i = 0; i < 8; i++){
            if(addr & 0x80){
    105e:	07 ff       	sbrs	r16, 7
    1060:	02 c0       	rjmp	.+4      	; 0x1066 <Sensors_HDC1080_I2C_Send+0x1e>
                Sensors_I2C_SDA_State_Set(LOGIC_HIGH);
    1062:	81 e0       	ldi	r24, 0x01	; 1
    1064:	01 c0       	rjmp	.+2      	; 0x1068 <Sensors_HDC1080_I2C_Send+0x20>
            }
            else{
                Sensors_I2C_SDA_State_Set(LOGIC_LOW);
    1066:	80 e0       	ldi	r24, 0x00	; 0
    1068:	0e 94 9c 07 	call	0xf38	; 0xf38 <Sensors_I2C_SDA_State_Set>
    106c:	8f 2d       	mov	r24, r15
    106e:	8a 95       	dec	r24
    1070:	f1 f7       	brne	.-4      	; 0x106e <Sensors_HDC1080_I2C_Send+0x26>
            }
            _delay_us(SENSORS_HDC1080_HALF_BIT);
            Sensors_I2C_SCL_State_Set(LOGIC_HIGH);
    1072:	81 e0       	ldi	r24, 0x01	; 1
    1074:	0e 94 90 07 	call	0xf20	; 0xf20 <Sensors_I2C_SCL_State_Set>
    1078:	8f 2d       	mov	r24, r15
    107a:	8a 95       	dec	r24
    107c:	f1 f7       	brne	.-4      	; 0x107a <Sensors_HDC1080_I2C_Send+0x32>
            _delay_us(SENSORS_HDC1080_HALF_BIT);
            Sensors_I2C_SCL_State_Set(LOGIC_LOW);
    107e:	80 e0       	ldi	r24, 0x00	; 0
    1080:	0e 94 90 07 	call	0xf20	; 0xf20 <Sensors_I2C_SCL_State_Set>
    1084:	8f 2d       	mov	r24, r15
    1086:	8a 95       	dec	r24
    1088:	f1 f7       	brne	.-4      	; 0x1086 <Sensors_HDC1080_I2C_Send+0x3e>
    }
}

void Sensors_HDC1080_I2C_Send(uint8_t addr){
    if(HDC1080.Error == 0){
        for(uint8_t i = 0; i < 8; i++){
    108a:	1f 5f       	subi	r17, 0xFF	; 255
    108c:	18 30       	cpi	r17, 0x08	; 8
    108e:	11 f0       	breq	.+4      	; 0x1094 <Sensors_HDC1080_I2C_Send+0x4c>
            _delay_us(SENSORS_HDC1080_HALF_BIT);
            Sensors_I2C_SCL_State_Set(LOGIC_HIGH);
            _delay_us(SENSORS_HDC1080_HALF_BIT);
            Sensors_I2C_SCL_State_Set(LOGIC_LOW);
            _delay_us(SENSORS_HDC1080_HALF_BIT);
            addr <<= 1;
    1090:	00 0f       	add	r16, r16
    1092:	e5 cf       	rjmp	.-54     	; 0x105e <Sensors_HDC1080_I2C_Send+0x16>
        }
    }
}
    1094:	1f 91       	pop	r17
    1096:	0f 91       	pop	r16
    1098:	ff 90       	pop	r15
    109a:	08 95       	ret

0000109c <Sensors_HDC1080_I2C_Receive>:

uint8_t Sensors_HDC1080_I2C_Receive(void){
    109c:	ff 92       	push	r15
    109e:	0f 93       	push	r16
    10a0:	1f 93       	push	r17
    uint8_t val = 0;
    if(HDC1080.Error == 0){
    10a2:	80 91 e7 06 	lds	r24, 0x06E7
    10a6:	88 23       	and	r24, r24
    10a8:	11 f0       	breq	.+4      	; 0x10ae <Sensors_HDC1080_I2C_Receive+0x12>
    10aa:	10 e0       	ldi	r17, 0x00	; 0
    10ac:	1f c0       	rjmp	.+62     	; 0x10ec <Sensors_HDC1080_I2C_Receive+0x50>
        //Set SDA as input
        Sensors_I2C_SDA_State_Set(LOGIC_HIGH);
    10ae:	81 e0       	ldi	r24, 0x01	; 1
    10b0:	0e 94 9c 07 	call	0xf38	; 0xf38 <Sensors_I2C_SDA_State_Set>
    10b4:	86 e0       	ldi	r24, 0x06	; 6
    10b6:	8a 95       	dec	r24
    10b8:	f1 f7       	brne	.-4      	; 0x10b6 <Sensors_HDC1080_I2C_Receive+0x1a>
    10ba:	10 e0       	ldi	r17, 0x00	; 0
    10bc:	00 e0       	ldi	r16, 0x00	; 0
        _delay_us(SENSORS_HDC1080_HALF_BIT);
        for(uint8_t i = 0; i < 8; i++){
            val <<= 1;
    10be:	46 e0       	ldi	r20, 0x06	; 6
    10c0:	f4 2e       	mov	r15, r20
    10c2:	11 0f       	add	r17, r17
            if(Sensors_I2C_SDA_State_Get() == LOGIC_HIGH){
    10c4:	0e 94 a8 07 	call	0xf50	; 0xf50 <Sensors_I2C_SDA_State_Get>
    10c8:	81 30       	cpi	r24, 0x01	; 1
    10ca:	09 f4       	brne	.+2      	; 0x10ce <Sensors_HDC1080_I2C_Receive+0x32>
                val |= 1;
    10cc:	11 60       	ori	r17, 0x01	; 1
            }
            Sensors_I2C_SCL_State_Set(LOGIC_HIGH);
    10ce:	81 e0       	ldi	r24, 0x01	; 1
    10d0:	0e 94 90 07 	call	0xf20	; 0xf20 <Sensors_I2C_SCL_State_Set>
    10d4:	8f 2d       	mov	r24, r15
    10d6:	8a 95       	dec	r24
    10d8:	f1 f7       	brne	.-4      	; 0x10d6 <Sensors_HDC1080_I2C_Receive+0x3a>
            _delay_us(SENSORS_HDC1080_HALF_BIT);
            Sensors_I2C_SCL_State_Set(LOGIC_LOW);
    10da:	80 e0       	ldi	r24, 0x00	; 0
    10dc:	0e 94 90 07 	call	0xf20	; 0xf20 <Sensors_I2C_SCL_State_Set>
    10e0:	8f 2d       	mov	r24, r15
    10e2:	8a 95       	dec	r24
    10e4:	f1 f7       	brne	.-4      	; 0x10e2 <Sensors_HDC1080_I2C_Receive+0x46>
    uint8_t val = 0;
    if(HDC1080.Error == 0){
        //Set SDA as input
        Sensors_I2C_SDA_State_Set(LOGIC_HIGH);
        _delay_us(SENSORS_HDC1080_HALF_BIT);
        for(uint8_t i = 0; i < 8; i++){
    10e6:	0f 5f       	subi	r16, 0xFF	; 255
    10e8:	08 30       	cpi	r16, 0x08	; 8
    10ea:	59 f7       	brne	.-42     	; 0x10c2 <Sensors_HDC1080_I2C_Receive+0x26>
            Sensors_I2C_SCL_State_Set(LOGIC_LOW);
            _delay_us(SENSORS_HDC1080_HALF_BIT);
        }
    }
    return val;
}
    10ec:	81 2f       	mov	r24, r17
    10ee:	1f 91       	pop	r17
    10f0:	0f 91       	pop	r16
    10f2:	ff 90       	pop	r15
    10f4:	08 95       	ret

000010f6 <Sensors_HDC1080_I2C_Check_Ack>:

void Sensors_HDC1080_I2C_Check_Ack(void){
    10f6:	1f 93       	push	r17
    if(HDC1080.Error == 0){
    10f8:	80 91 e7 06 	lds	r24, 0x06E7
    10fc:	88 23       	and	r24, r24
    10fe:	f9 f4       	brne	.+62     	; 0x113e <Sensors_HDC1080_I2C_Check_Ack+0x48>
        //SDA input mode
        Sensors_I2C_SDA_State_Set(LOGIC_HIGH);
    1100:	81 e0       	ldi	r24, 0x01	; 1
    1102:	0e 94 9c 07 	call	0xf38	; 0xf38 <Sensors_I2C_SDA_State_Set>
    1106:	12 e0       	ldi	r17, 0x02	; 2
    1108:	81 2f       	mov	r24, r17
    110a:	8a 95       	dec	r24
    110c:	f1 f7       	brne	.-4      	; 0x110a <Sensors_HDC1080_I2C_Check_Ack+0x14>
        _delay_us(SENSORS_HDC1080_QUARTER_BIT);
        Sensors_I2C_SCL_State_Set(LOGIC_HIGH);
    110e:	81 e0       	ldi	r24, 0x01	; 1
    1110:	0e 94 90 07 	call	0xf20	; 0xf20 <Sensors_I2C_SCL_State_Set>
    1114:	1a 95       	dec	r17
    1116:	f1 f7       	brne	.-4      	; 0x1114 <Sensors_HDC1080_I2C_Check_Ack+0x1e>
        _delay_us(SENSORS_HDC1080_QUARTER_BIT);
        if(Sensors_I2C_SDA_State_Get() == LOGIC_LOW){
    1118:	0e 94 a8 07 	call	0xf50	; 0xf50 <Sensors_I2C_SDA_State_Get>
    111c:	88 23       	and	r24, r24
    111e:	21 f4       	brne	.+8      	; 0x1128 <Sensors_HDC1080_I2C_Check_Ack+0x32>
            HDC1080.AckStatus = TRUE;
    1120:	81 e0       	ldi	r24, 0x01	; 1
    1122:	80 93 d4 06 	sts	0x06D4, r24
    1126:	02 c0       	rjmp	.+4      	; 0x112c <Sensors_HDC1080_I2C_Check_Ack+0x36>
        }
        else{
            HDC1080.AckStatus = FALSE;
    1128:	10 92 d4 06 	sts	0x06D4, r1
    112c:	12 e0       	ldi	r17, 0x02	; 2
    112e:	81 2f       	mov	r24, r17
    1130:	8a 95       	dec	r24
    1132:	f1 f7       	brne	.-4      	; 0x1130 <Sensors_HDC1080_I2C_Check_Ack+0x3a>
        }
        _delay_us(SENSORS_HDC1080_QUARTER_BIT);
        Sensors_I2C_SCL_State_Set(LOGIC_LOW);
    1134:	80 e0       	ldi	r24, 0x00	; 0
    1136:	0e 94 90 07 	call	0xf20	; 0xf20 <Sensors_I2C_SCL_State_Set>
    113a:	1a 95       	dec	r17
    113c:	f1 f7       	brne	.-4      	; 0x113a <Sensors_HDC1080_I2C_Check_Ack+0x44>
        _delay_us(SENSORS_HDC1080_QUARTER_BIT);
    }
}
    113e:	1f 91       	pop	r17
    1140:	08 95       	ret

00001142 <Sensors_HDC1080_I2C_Send_Ack>:

void Sensors_HDC1080_I2C_Send_Ack(void){
    1142:	1f 93       	push	r17
    if(HDC1080.Error == 0){
    1144:	80 91 e7 06 	lds	r24, 0x06E7
    1148:	88 23       	and	r24, r24
    114a:	a1 f4       	brne	.+40     	; 0x1174 <Sensors_HDC1080_I2C_Send_Ack+0x32>
        //SDA input mode
        Sensors_I2C_SDA_State_Set(LOGIC_LOW);
    114c:	0e 94 9c 07 	call	0xf38	; 0xf38 <Sensors_I2C_SDA_State_Set>
    1150:	12 e0       	ldi	r17, 0x02	; 2
    1152:	81 2f       	mov	r24, r17
    1154:	8a 95       	dec	r24
    1156:	f1 f7       	brne	.-4      	; 0x1154 <Sensors_HDC1080_I2C_Send_Ack+0x12>
        _delay_us(SENSORS_HDC1080_QUARTER_BIT);
        Sensors_I2C_SCL_State_Set(LOGIC_HIGH);
    1158:	81 e0       	ldi	r24, 0x01	; 1
    115a:	0e 94 90 07 	call	0xf20	; 0xf20 <Sensors_I2C_SCL_State_Set>
    115e:	81 2f       	mov	r24, r17
    1160:	8a 95       	dec	r24
    1162:	f1 f7       	brne	.-4      	; 0x1160 <Sensors_HDC1080_I2C_Send_Ack+0x1e>
        _delay_us(SENSORS_HDC1080_QUARTER_BIT);
        _delay_us(SENSORS_HDC1080_QUARTER_BIT);
        Sensors_I2C_SCL_State_Set(LOGIC_LOW);
    1164:	81 2f       	mov	r24, r17
    1166:	8a 95       	dec	r24
    1168:	f1 f7       	brne	.-4      	; 0x1166 <Sensors_HDC1080_I2C_Send_Ack+0x24>
    116a:	80 e0       	ldi	r24, 0x00	; 0
    116c:	0e 94 90 07 	call	0xf20	; 0xf20 <Sensors_I2C_SCL_State_Set>
    1170:	1a 95       	dec	r17
    1172:	f1 f7       	brne	.-4      	; 0x1170 <Sensors_HDC1080_I2C_Send_Ack+0x2e>
        _delay_us(SENSORS_HDC1080_QUARTER_BIT);
    }
}
    1174:	1f 91       	pop	r17
    1176:	08 95       	ret

00001178 <Sensors_HDC1080_Slave_Addr_Send>:

uint8_t Sensors_HDC1080_Slave_Addr_Send(uint8_t addr){
    1178:	0f 93       	push	r16
    117a:	1f 93       	push	r17
    117c:	08 2f       	mov	r16, r24
    117e:	10 e0       	ldi	r17, 0x00	; 0
    uint8_t cnt = 0, sts;
    while(1){
        Sensors_HDC1080_I2C_Start();
    1180:	0e 94 c1 07 	call	0xf82	; 0xf82 <Sensors_HDC1080_I2C_Start>
        Sensors_HDC1080_I2C_Send( addr );
    1184:	80 2f       	mov	r24, r16
    1186:	0e 94 24 08 	call	0x1048	; 0x1048 <Sensors_HDC1080_I2C_Send>
        Sensors_HDC1080_I2C_Check_Ack();
    118a:	0e 94 7b 08 	call	0x10f6	; 0x10f6 <Sensors_HDC1080_I2C_Check_Ack>
        if(HDC1080.AckStatus == FALSE){
    118e:	80 91 d4 06 	lds	r24, 0x06D4
    1192:	88 23       	and	r24, r24
    1194:	11 f0       	breq	.+4      	; 0x119a <Sensors_HDC1080_Slave_Addr_Send+0x22>
    1196:	81 e0       	ldi	r24, 0x01	; 1
    1198:	09 c0       	rjmp	.+18     	; 0x11ac <Sensors_HDC1080_Slave_Addr_Send+0x34>
            Sensors_HDC1080_I2C_Stop();
    119a:	0e 94 e0 07 	call	0xfc0	; 0xfc0 <Sensors_HDC1080_I2C_Stop>
            cnt++;
    119e:	1f 5f       	subi	r17, 0xFF	; 255
            if(cnt > SENSORS_HDC1080_ACK_MAX_RETRY){
    11a0:	1f 31       	cpi	r17, 0x1F	; 31
    11a2:	71 f7       	brne	.-36     	; 0x1180 <Sensors_HDC1080_Slave_Addr_Send+0x8>
                //Set error flag to stop next communications
                HDC1080.Error = SENSOR_ERROR_I2C_ADDR_W_NACK;
    11a4:	81 e0       	ldi	r24, 0x01	; 1
    11a6:	80 93 e7 06 	sts	0x06E7, r24
    11aa:	80 e0       	ldi	r24, 0x00	; 0
            sts = SUCCESSFUL;
            break;
        }
    }
    return sts;
}
    11ac:	1f 91       	pop	r17
    11ae:	0f 91       	pop	r16
    11b0:	08 95       	ret

000011b2 <Sensors_HDC1080_Config>:

void Sensors_HDC1080_Config(uint8_t type){
    11b2:	ff 92       	push	r15
    11b4:	0f 93       	push	r16
    11b6:	1f 93       	push	r17
    11b8:	18 2f       	mov	r17, r24
    //Config sensor
    uint8_t sts;
    Sensors_HDC1080_Slave_Addr_Send(SENSORS_HDC1080_ADDR << 1);
    11ba:	80 e8       	ldi	r24, 0x80	; 128
    11bc:	0e 94 bc 08 	call	0x1178	; 0x1178 <Sensors_HDC1080_Slave_Addr_Send>
    Sensors_HDC1080_I2C_Send(0x02);
    11c0:	82 e0       	ldi	r24, 0x02	; 2
    11c2:	0e 94 24 08 	call	0x1048	; 0x1048 <Sensors_HDC1080_I2C_Send>
    Sensors_HDC1080_I2C_Check_Ack();
    11c6:	0e 94 7b 08 	call	0x10f6	; 0x10f6 <Sensors_HDC1080_I2C_Check_Ack>
    sts = HDC1080.AckStatus;
    11ca:	f0 90 d4 06 	lds	r15, 0x06D4
    Sensors_HDC1080_I2C_Send(type);
    11ce:	81 2f       	mov	r24, r17
    11d0:	0e 94 24 08 	call	0x1048	; 0x1048 <Sensors_HDC1080_I2C_Send>
    Sensors_HDC1080_I2C_Check_Ack();
    11d4:	0e 94 7b 08 	call	0x10f6	; 0x10f6 <Sensors_HDC1080_I2C_Check_Ack>
    sts |= HDC1080.AckStatus << 1;
    11d8:	00 91 d4 06 	lds	r16, 0x06D4
    Sensors_HDC1080_I2C_Send(0x00);
    11dc:	80 e0       	ldi	r24, 0x00	; 0
    11de:	0e 94 24 08 	call	0x1048	; 0x1048 <Sensors_HDC1080_I2C_Send>
    Sensors_HDC1080_I2C_Check_Ack();
    11e2:	0e 94 7b 08 	call	0x10f6	; 0x10f6 <Sensors_HDC1080_I2C_Check_Ack>
    sts |= HDC1080.AckStatus << 2;
    11e6:	10 91 d4 06 	lds	r17, 0x06D4
    Sensors_HDC1080_I2C_Stop();
    11ea:	0e 94 e0 07 	call	0xfc0	; 0xfc0 <Sensors_HDC1080_I2C_Stop>
    if( (HDC1080.Error == 0) && (sts != 0x07) ){
    11ee:	80 91 e7 06 	lds	r24, 0x06E7
    11f2:	88 23       	and	r24, r24
    11f4:	51 f4       	brne	.+20     	; 0x120a <Sensors_HDC1080_Config+0x58>
    11f6:	00 0f       	add	r16, r16
    11f8:	11 0f       	add	r17, r17
    11fa:	11 0f       	add	r17, r17
    11fc:	10 2b       	or	r17, r16
    11fe:	1f 29       	or	r17, r15
    1200:	17 30       	cpi	r17, 0x07	; 7
    1202:	19 f0       	breq	.+6      	; 0x120a <Sensors_HDC1080_Config+0x58>
        HDC1080.Error = SENSOR_ERROR_I2C_CONFIG_FAILED;
    1204:	85 e0       	ldi	r24, 0x05	; 5
    1206:	80 93 e7 06 	sts	0x06E7, r24
    }
}
    120a:	1f 91       	pop	r17
    120c:	0f 91       	pop	r16
    120e:	ff 90       	pop	r15
    1210:	08 95       	ret

00001212 <Sensors_Sample_Temp_RH>:

void Sensors_Sample_Temp_RH(void){
    1212:	ef 92       	push	r14
    1214:	ff 92       	push	r15
    1216:	0f 93       	push	r16
    1218:	1f 93       	push	r17
    milliseconds can be achieved.
 */
void
_delay_loop_2(uint16_t __count)
{
	__asm__ volatile (
    121a:	80 e2       	ldi	r24, 0x20	; 32
    121c:	9e e4       	ldi	r25, 0x4E	; 78
    121e:	01 97       	sbiw	r24, 0x01	; 1
    1220:	f1 f7       	brne	.-4      	; 0x121e <Sensors_Sample_Temp_RH+0xc>

    //Wait until sensor is ready
    _delay_ms(SENSORS_HDC1080_POWER_UP_DELAY);
    
    //Clear all errors
    HDC1080.Error = 0;
    1222:	10 92 e7 06 	sts	0x06E7, r1
    //Config HDC1080, 1->Temp_RH, 0->Temp/RH
    Sensors_HDC1080_Config(0);
    1226:	80 e0       	ldi	r24, 0x00	; 0
    1228:	0e 94 d9 08 	call	0x11b2	; 0x11b2 <Sensors_HDC1080_Config>
    
    //Trigger Temp measurement
    Sensors_HDC1080_I2C_Start();
    122c:	0e 94 c1 07 	call	0xf82	; 0xf82 <Sensors_HDC1080_I2C_Start>
    Sensors_HDC1080_I2C_Send(SENSORS_HDC1080_ADDR << 1);
    1230:	80 e8       	ldi	r24, 0x80	; 128
    1232:	0e 94 24 08 	call	0x1048	; 0x1048 <Sensors_HDC1080_I2C_Send>
    Sensors_HDC1080_I2C_Check_Ack();
    1236:	0e 94 7b 08 	call	0x10f6	; 0x10f6 <Sensors_HDC1080_I2C_Check_Ack>
    sts = HDC1080.AckStatus;
    123a:	e0 90 d4 06 	lds	r14, 0x06D4
    Sensors_HDC1080_I2C_Send(0x00);
    123e:	80 e0       	ldi	r24, 0x00	; 0
    1240:	0e 94 24 08 	call	0x1048	; 0x1048 <Sensors_HDC1080_I2C_Send>
    Sensors_HDC1080_I2C_Check_Ack();
    1244:	0e 94 7b 08 	call	0x10f6	; 0x10f6 <Sensors_HDC1080_I2C_Check_Ack>
    sts |= HDC1080.AckStatus << 1;
    1248:	10 91 d4 06 	lds	r17, 0x06D4
    Sensors_HDC1080_I2C_Stop();
    124c:	0e 94 e0 07 	call	0xfc0	; 0xfc0 <Sensors_HDC1080_I2C_Stop>
    if( (HDC1080.Error == 0) && (sts != 0x03) ){
    1250:	80 91 e7 06 	lds	r24, 0x06E7
    1254:	88 23       	and	r24, r24
    1256:	39 f4       	brne	.+14     	; 0x1266 <Sensors_Sample_Temp_RH+0x54>
    1258:	11 0f       	add	r17, r17
    125a:	1e 29       	or	r17, r14
    125c:	13 30       	cpi	r17, 0x03	; 3
    125e:	19 f0       	breq	.+6      	; 0x1266 <Sensors_Sample_Temp_RH+0x54>
        HDC1080.Error = SENSOR_ERROR_I2C_TEMP_MES_TRIG_FAILED;
    1260:	86 e0       	ldi	r24, 0x06	; 6
    1262:	80 93 e7 06 	sts	0x06E7, r24
    1266:	80 e7       	ldi	r24, 0x70	; 112
    1268:	97 e1       	ldi	r25, 0x17	; 23
    126a:	01 97       	sbiw	r24, 0x01	; 1
    126c:	f1 f7       	brne	.-4      	; 0x126a <Sensors_Sample_Temp_RH+0x58>

    //Wait until sensor data is ready
    _delay_ms(SENSORS_HDC1080_CONV_DELAY);
    
    //Read Temp
    Sensors_HDC1080_Slave_Addr_Send( (SENSORS_HDC1080_ADDR << 1) | 1);
    126e:	81 e8       	ldi	r24, 0x81	; 129
    1270:	0e 94 bc 08 	call	0x1178	; 0x1178 <Sensors_HDC1080_Slave_Addr_Send>
    //Read temp result registers
    HDC1080.TempReg = Sensors_HDC1080_I2C_Receive();
    1274:	0e 94 4e 08 	call	0x109c	; 0x109c <Sensors_HDC1080_I2C_Receive>
    1278:	90 e0       	ldi	r25, 0x00	; 0
    127a:	a0 e0       	ldi	r26, 0x00	; 0
    127c:	b0 e0       	ldi	r27, 0x00	; 0
    127e:	80 93 da 06 	sts	0x06DA, r24
    1282:	90 93 db 06 	sts	0x06DB, r25
    1286:	a0 93 dc 06 	sts	0x06DC, r26
    128a:	b0 93 dd 06 	sts	0x06DD, r27
    Sensors_HDC1080_I2C_Send_Ack();
    128e:	0e 94 a1 08 	call	0x1142	; 0x1142 <Sensors_HDC1080_I2C_Send_Ack>
    HDC1080.TempReg <<= 8;
    1292:	e0 90 da 06 	lds	r14, 0x06DA
    1296:	f0 90 db 06 	lds	r15, 0x06DB
    129a:	00 91 dc 06 	lds	r16, 0x06DC
    129e:	10 91 dd 06 	lds	r17, 0x06DD
    12a2:	10 2f       	mov	r17, r16
    12a4:	0f 2d       	mov	r16, r15
    12a6:	fe 2c       	mov	r15, r14
    12a8:	ee 24       	eor	r14, r14
    12aa:	e0 92 da 06 	sts	0x06DA, r14
    12ae:	f0 92 db 06 	sts	0x06DB, r15
    12b2:	00 93 dc 06 	sts	0x06DC, r16
    12b6:	10 93 dd 06 	sts	0x06DD, r17
    HDC1080.TempReg |= Sensors_HDC1080_I2C_Receive();
    12ba:	0e 94 4e 08 	call	0x109c	; 0x109c <Sensors_HDC1080_I2C_Receive>
    12be:	90 e0       	ldi	r25, 0x00	; 0
    12c0:	a0 e0       	ldi	r26, 0x00	; 0
    12c2:	b0 e0       	ldi	r27, 0x00	; 0
    12c4:	8e 29       	or	r24, r14
    12c6:	9f 29       	or	r25, r15
    12c8:	a0 2b       	or	r26, r16
    12ca:	b1 2b       	or	r27, r17
    12cc:	80 93 da 06 	sts	0x06DA, r24
    12d0:	90 93 db 06 	sts	0x06DB, r25
    12d4:	a0 93 dc 06 	sts	0x06DC, r26
    12d8:	b0 93 dd 06 	sts	0x06DD, r27
    //Send NACK
    Sensors_HDC1080_I2C_Check_Ack();
    12dc:	0e 94 7b 08 	call	0x10f6	; 0x10f6 <Sensors_HDC1080_I2C_Check_Ack>
    Sensors_HDC1080_I2C_Stop();
    12e0:	0e 94 e0 07 	call	0xfc0	; 0xfc0 <Sensors_HDC1080_I2C_Stop>



    //Trigger RH measurement
    Sensors_HDC1080_I2C_Start();
    12e4:	0e 94 c1 07 	call	0xf82	; 0xf82 <Sensors_HDC1080_I2C_Start>
    Sensors_HDC1080_I2C_Send(SENSORS_HDC1080_ADDR << 1);
    12e8:	80 e8       	ldi	r24, 0x80	; 128
    12ea:	0e 94 24 08 	call	0x1048	; 0x1048 <Sensors_HDC1080_I2C_Send>
    Sensors_HDC1080_I2C_Check_Ack();
    12ee:	0e 94 7b 08 	call	0x10f6	; 0x10f6 <Sensors_HDC1080_I2C_Check_Ack>
    sts = HDC1080.AckStatus;
    12f2:	e0 90 d4 06 	lds	r14, 0x06D4
    Sensors_HDC1080_I2C_Send(0x01);
    12f6:	81 e0       	ldi	r24, 0x01	; 1
    12f8:	0e 94 24 08 	call	0x1048	; 0x1048 <Sensors_HDC1080_I2C_Send>
    Sensors_HDC1080_I2C_Check_Ack();
    12fc:	0e 94 7b 08 	call	0x10f6	; 0x10f6 <Sensors_HDC1080_I2C_Check_Ack>
    sts |= HDC1080.AckStatus << 1;
    1300:	10 91 d4 06 	lds	r17, 0x06D4
    Sensors_HDC1080_I2C_Stop();
    1304:	0e 94 e0 07 	call	0xfc0	; 0xfc0 <Sensors_HDC1080_I2C_Stop>
    if( (HDC1080.Error == 0) && (sts != 0x03) ){
    1308:	80 91 e7 06 	lds	r24, 0x06E7
    130c:	88 23       	and	r24, r24
    130e:	39 f4       	brne	.+14     	; 0x131e <Sensors_Sample_Temp_RH+0x10c>
    1310:	11 0f       	add	r17, r17
    1312:	1e 29       	or	r17, r14
    1314:	13 30       	cpi	r17, 0x03	; 3
    1316:	19 f0       	breq	.+6      	; 0x131e <Sensors_Sample_Temp_RH+0x10c>
        HDC1080.Error = SENSOR_ERROR_I2C_RH_MES_TRIG_FAILED;
    1318:	87 e0       	ldi	r24, 0x07	; 7
    131a:	80 93 e7 06 	sts	0x06E7, r24
    131e:	80 e7       	ldi	r24, 0x70	; 112
    1320:	97 e1       	ldi	r25, 0x17	; 23
    1322:	01 97       	sbiw	r24, 0x01	; 1
    1324:	f1 f7       	brne	.-4      	; 0x1322 <Sensors_Sample_Temp_RH+0x110>

    //Wait until sensor data is ready
    _delay_ms(SENSORS_HDC1080_CONV_DELAY);

    //Read RH
    Sensors_HDC1080_Slave_Addr_Send( (SENSORS_HDC1080_ADDR << 1) | 1);
    1326:	81 e8       	ldi	r24, 0x81	; 129
    1328:	0e 94 bc 08 	call	0x1178	; 0x1178 <Sensors_HDC1080_Slave_Addr_Send>
    //Read RH result registers
    HDC1080.RHReg = Sensors_HDC1080_I2C_Receive();
    132c:	0e 94 4e 08 	call	0x109c	; 0x109c <Sensors_HDC1080_I2C_Receive>
    1330:	90 e0       	ldi	r25, 0x00	; 0
    1332:	a0 e0       	ldi	r26, 0x00	; 0
    1334:	b0 e0       	ldi	r27, 0x00	; 0
    1336:	80 93 e0 06 	sts	0x06E0, r24
    133a:	90 93 e1 06 	sts	0x06E1, r25
    133e:	a0 93 e2 06 	sts	0x06E2, r26
    1342:	b0 93 e3 06 	sts	0x06E3, r27
    Sensors_HDC1080_I2C_Send_Ack();
    1346:	0e 94 a1 08 	call	0x1142	; 0x1142 <Sensors_HDC1080_I2C_Send_Ack>
    HDC1080.RHReg <<= 8;
    134a:	e0 90 e0 06 	lds	r14, 0x06E0
    134e:	f0 90 e1 06 	lds	r15, 0x06E1
    1352:	00 91 e2 06 	lds	r16, 0x06E2
    1356:	10 91 e3 06 	lds	r17, 0x06E3
    135a:	10 2f       	mov	r17, r16
    135c:	0f 2d       	mov	r16, r15
    135e:	fe 2c       	mov	r15, r14
    1360:	ee 24       	eor	r14, r14
    1362:	e0 92 e0 06 	sts	0x06E0, r14
    1366:	f0 92 e1 06 	sts	0x06E1, r15
    136a:	00 93 e2 06 	sts	0x06E2, r16
    136e:	10 93 e3 06 	sts	0x06E3, r17
    HDC1080.RHReg |= Sensors_HDC1080_I2C_Receive();
    1372:	0e 94 4e 08 	call	0x109c	; 0x109c <Sensors_HDC1080_I2C_Receive>
    1376:	90 e0       	ldi	r25, 0x00	; 0
    1378:	a0 e0       	ldi	r26, 0x00	; 0
    137a:	b0 e0       	ldi	r27, 0x00	; 0
    137c:	8e 29       	or	r24, r14
    137e:	9f 29       	or	r25, r15
    1380:	a0 2b       	or	r26, r16
    1382:	b1 2b       	or	r27, r17
    1384:	80 93 e0 06 	sts	0x06E0, r24
    1388:	90 93 e1 06 	sts	0x06E1, r25
    138c:	a0 93 e2 06 	sts	0x06E2, r26
    1390:	b0 93 e3 06 	sts	0x06E3, r27
    Sensors_HDC1080_I2C_Check_Ack();
    1394:	0e 94 7b 08 	call	0x10f6	; 0x10f6 <Sensors_HDC1080_I2C_Check_Ack>
    Sensors_HDC1080_I2C_Stop();
    1398:	0e 94 e0 07 	call	0xfc0	; 0xfc0 <Sensors_HDC1080_I2C_Stop>

    //Send forced stop if necessary
    Sensors_HDC1080_I2C_Forced_Stop();
    139c:	0e 94 02 08 	call	0x1004	; 0x1004 <Sensors_HDC1080_I2C_Forced_Stop>
}
    13a0:	1f 91       	pop	r17
    13a2:	0f 91       	pop	r16
    13a4:	ff 90       	pop	r15
    13a6:	ef 90       	pop	r14
    13a8:	08 95       	ret

000013aa <Sensors_HDC1080_Calculate>:

void Sensors_HDC1080_Calculate(void){
    //Check errors and calculate
    if(HDC1080.Error == 0){
    13aa:	80 91 e7 06 	lds	r24, 0x06E7
    13ae:	88 23       	and	r24, r24
    13b0:	e9 f5       	brne	.+122    	; 0x142c <Sensors_HDC1080_Calculate+0x82>
        //Temp result is x10
        HDC1080.TempReg *= 1650;
        HDC1080.TempReg /= 65536;
    13b2:	60 91 da 06 	lds	r22, 0x06DA
    13b6:	70 91 db 06 	lds	r23, 0x06DB
    13ba:	80 91 dc 06 	lds	r24, 0x06DC
    13be:	90 91 dd 06 	lds	r25, 0x06DD
    13c2:	22 e7       	ldi	r18, 0x72	; 114
    13c4:	36 e0       	ldi	r19, 0x06	; 6
    13c6:	40 e0       	ldi	r20, 0x00	; 0
    13c8:	50 e0       	ldi	r21, 0x00	; 0
    13ca:	0e 94 3c 0f 	call	0x1e78	; 0x1e78 <__mulsi3>
    13ce:	bc 01       	movw	r22, r24
    13d0:	88 27       	eor	r24, r24
    13d2:	99 27       	eor	r25, r25
    13d4:	60 93 da 06 	sts	0x06DA, r22
    13d8:	70 93 db 06 	sts	0x06DB, r23
    13dc:	80 93 dc 06 	sts	0x06DC, r24
    13e0:	90 93 dd 06 	sts	0x06DD, r25
        HDC1080.Temp  = (int16_t) HDC1080.TempReg;
        HDC1080.Temp -= 400;
    13e4:	60 59       	subi	r22, 0x90	; 144
    13e6:	71 40       	sbci	r23, 0x01	; 1
    13e8:	70 93 df 06 	sts	0x06DF, r23
    13ec:	60 93 de 06 	sts	0x06DE, r22

        //RH value in %
        HDC1080.RHReg *= 100;
        HDC1080.RHReg /= 65536;
    13f0:	60 91 e0 06 	lds	r22, 0x06E0
    13f4:	70 91 e1 06 	lds	r23, 0x06E1
    13f8:	80 91 e2 06 	lds	r24, 0x06E2
    13fc:	90 91 e3 06 	lds	r25, 0x06E3
    1400:	24 e6       	ldi	r18, 0x64	; 100
    1402:	30 e0       	ldi	r19, 0x00	; 0
    1404:	40 e0       	ldi	r20, 0x00	; 0
    1406:	50 e0       	ldi	r21, 0x00	; 0
    1408:	0e 94 3c 0f 	call	0x1e78	; 0x1e78 <__mulsi3>
    140c:	bc 01       	movw	r22, r24
    140e:	88 27       	eor	r24, r24
    1410:	99 27       	eor	r25, r25
    1412:	60 93 e0 06 	sts	0x06E0, r22
    1416:	70 93 e1 06 	sts	0x06E1, r23
    141a:	80 93 e2 06 	sts	0x06E2, r24
    141e:	90 93 e3 06 	sts	0x06E3, r25
        HDC1080.RH = (uint16_t)HDC1080.RHReg;
    1422:	70 93 e5 06 	sts	0x06E5, r23
    1426:	60 93 e4 06 	sts	0x06E4, r22
    142a:	08 95       	ret
    }
    else{
        HDC1080.StickyError = HDC1080.Error;
    142c:	80 93 e8 06 	sts	0x06E8, r24
        HDC1080.Error = 0;
    1430:	10 92 e7 06 	sts	0x06E7, r1
    1434:	08 95       	ret

00001436 <Sensors_HDC1080_Address_Get>:
}


uint8_t Sensors_HDC1080_Address_Get(void){
  return HDC1080.Address;
}
    1436:	80 91 d7 06 	lds	r24, 0x06D7
    143a:	08 95       	ret

0000143c <Sensors_HDC1080_Status_Get>:

uint8_t Sensors_HDC1080_Status_Get(void){
  return HDC1080.Status;
}
    143c:	80 91 d3 06 	lds	r24, 0x06D3
    1440:	08 95       	ret

00001442 <Sensors_HDC1080_Error_Get>:

uint8_t Sensors_HDC1080_Error_Get(void){
  return HDC1080.Error;
}
    1442:	80 91 e7 06 	lds	r24, 0x06E7
    1446:	08 95       	ret

00001448 <Sensors_HDC1080_Sticky_Error_Get>:

uint8_t Sensors_HDC1080_Sticky_Error_Get(void){
  return HDC1080.StickyError;
}
    1448:	80 91 e8 06 	lds	r24, 0x06E8
    144c:	08 95       	ret

0000144e <Sensors_HDC1080_Temp_Get>:

int16_t Sensors_HDC1080_Temp_Get(void){
    return HDC1080.Temp;
}
    144e:	80 91 de 06 	lds	r24, 0x06DE
    1452:	90 91 df 06 	lds	r25, 0x06DF
    1456:	08 95       	ret

00001458 <Sensors_HDC1080_RH_Get>:

uint16_t Sensors_HDC1080_RH_Get(void){
    return HDC1080.RH;
}
    1458:	80 91 e4 06 	lds	r24, 0x06E4
    145c:	90 91 e5 06 	lds	r25, 0x06E5
    1460:	08 95       	ret

00001462 <Sensors_NTC_Temp_Get>:

int16_t Sensors_NTC_Temp_Get(void){
    return NTC.Temp;
    1462:	80 91 cf 06 	lds	r24, 0x06CF
    1466:	90 91 d0 06 	lds	r25, 0x06D0
    146a:	08 95       	ret

0000146c <__vector_7>:
		RETI                                              ;return from interrupt  (  4 clocks) 
#elif defined(KER_TIMER2_AS_TICK_SRC) || defined(KER_TIMER2_ASYNC_AS_TICK_SRC)                 
.global  __vector_7                                                                            
    __vector_7:                                           ;total 40.00uS @8MHz    (344 clocks) 
	    KER_DEBUG_PIN_SET                                 ;debug pin set          (  2 clocks) 
		KER_EXIT_SLEEP                                    ;exit sleep if enabled  (  5 clocks) 
    146c:	20 91 53 00 	lds	r18, 0x0053
    1470:	2e 7f       	andi	r18, 0xFE	; 254
    1472:	20 93 53 00 	sts	0x0053, r18
        KER_CONTEXT_SAVE_HANDLER                          ;save context           ( 68 clocks) 
    1476:	0f 92       	push	r0
    1478:	0f b6       	in	r0, 0x3f	; 63
    147a:	0f 92       	push	r0
    147c:	1f 92       	push	r1
    147e:	11 24       	eor	r1, r1
    1480:	2f 92       	push	r2
    1482:	3f 92       	push	r3
    1484:	4f 92       	push	r4
    1486:	5f 92       	push	r5
    1488:	6f 92       	push	r6
    148a:	7f 92       	push	r7
    148c:	8f 92       	push	r8
    148e:	9f 92       	push	r9
    1490:	af 92       	push	r10
    1492:	bf 92       	push	r11
    1494:	cf 92       	push	r12
    1496:	df 92       	push	r13
    1498:	ef 92       	push	r14
    149a:	ff 92       	push	r15
    149c:	0f 93       	push	r16
    149e:	1f 93       	push	r17
    14a0:	2f 93       	push	r18
    14a2:	3f 93       	push	r19
    14a4:	4f 93       	push	r20
    14a6:	5f 93       	push	r21
    14a8:	6f 93       	push	r22
    14aa:	7f 93       	push	r23
    14ac:	8f 93       	push	r24
    14ae:	9f 93       	push	r25
    14b0:	af 93       	push	r26
    14b2:	bf 93       	push	r27
    14b4:	cf 93       	push	r28
    14b6:	df 93       	push	r29
    14b8:	ef 93       	push	r30
    14ba:	ff 93       	push	r31
		KER_SAVE_CURR_TASK_SP                             ;save current task SP   ( 14 clocks) 
    14bc:	e3 e4       	ldi	r30, 0x43	; 67
    14be:	f1 e0       	ldi	r31, 0x01	; 1
    14c0:	20 91 3a 01 	lds	r18, 0x013A
    14c4:	22 0f       	add	r18, r18
    14c6:	e2 0f       	add	r30, r18
    14c8:	20 e0       	ldi	r18, 0x00	; 0
    14ca:	f2 1f       	adc	r31, r18
    14cc:	2d b7       	in	r18, 0x3d	; 61
    14ce:	3e b7       	in	r19, 0x3e	; 62
    14d0:	20 83       	st	Z, r18
    14d2:	31 83       	std	Z+1, r19	; 0x01
		KER_TICK_INCREMENT                                ;increment tick counter ( 26 clocks) 
    14d4:	21 e0       	ldi	r18, 0x01	; 1
    14d6:	30 91 33 01 	lds	r19, 0x0133
    14da:	32 0f       	add	r19, r18
    14dc:	30 93 33 01 	sts	0x0133, r19
    14e0:	20 e0       	ldi	r18, 0x00	; 0
    14e2:	30 91 34 01 	lds	r19, 0x0134
    14e6:	32 1f       	adc	r19, r18
    14e8:	30 93 34 01 	sts	0x0134, r19
    14ec:	30 91 35 01 	lds	r19, 0x0135
    14f0:	32 1f       	adc	r19, r18
    14f2:	30 93 35 01 	sts	0x0135, r19
    14f6:	30 91 36 01 	lds	r19, 0x0136
    14fa:	32 1f       	adc	r19, r18
    14fc:	30 93 36 01 	sts	0x0136, r19
    1500:	30 91 37 01 	lds	r19, 0x0137
    1504:	32 1f       	adc	r19, r18
    1506:	30 93 37 01 	sts	0x0137, r19
		LDI    R24               , SCH_MODE_HANDLER       ;set sch mode           (  1 clock ) 
    150a:	80 e0       	ldi	r24, 0x00	; 0
		KER_RUN_SCHEDULER                                 ;run scheduler          (106 clocks) 
    150c:	2f ef       	ldi	r18, 0xFF	; 255
    150e:	20 93 3c 01 	sts	0x013C, r18
    1512:	20 e0       	ldi	r18, 0x00	; 0
    1514:	20 93 3d 01 	sts	0x013D, r18
    1518:	58 2f       	mov	r21, r24

0000151a <_KER_SCH_LOOP8>:
    151a:	20 93 3a 01 	sts	0x013A, r18
    151e:	85 2f       	mov	r24, r21
    1520:	e1 e7       	ldi	r30, 0x71	; 113
    1522:	f1 e0       	ldi	r31, 0x01	; 1
    1524:	20 91 3a 01 	lds	r18, 0x013A
    1528:	22 0f       	add	r18, r18
    152a:	e2 0f       	add	r30, r18
    152c:	20 e0       	ldi	r18, 0x00	; 0
    152e:	f2 1f       	adc	r31, r18
    1530:	20 81       	ld	r18, Z
    1532:	31 81       	ldd	r19, Z+1	; 0x01
    1534:	42 2f       	mov	r20, r18
    1536:	43 2b       	or	r20, r19
    1538:	59 f0       	breq	.+22     	; 0x1550 <_VAL_NULL9>
    153a:	81 30       	cpi	r24, 0x01	; 1
    153c:	99 f0       	breq	.+38     	; 0x1564 <_VAL_NOT_NULL9>
    153e:	41 e0       	ldi	r20, 0x01	; 1
    1540:	24 1b       	sub	r18, r20
    1542:	40 e0       	ldi	r20, 0x00	; 0
    1544:	34 0b       	sbc	r19, r20
    1546:	20 83       	st	Z, r18
    1548:	31 83       	std	Z+1, r19	; 0x01
    154a:	42 2f       	mov	r20, r18
    154c:	43 2b       	or	r20, r19
    154e:	51 f4       	brne	.+20     	; 0x1564 <_VAL_NOT_NULL9>

00001550 <_VAL_NULL9>:
    1550:	e1 e6       	ldi	r30, 0x61	; 97
    1552:	f1 e0       	ldi	r31, 0x01	; 1
    1554:	20 91 3a 01 	lds	r18, 0x013A
    1558:	e2 0f       	add	r30, r18
    155a:	20 e0       	ldi	r18, 0x00	; 0
    155c:	f2 1f       	adc	r31, r18
    155e:	81 e0       	ldi	r24, 0x01	; 1
    1560:	80 83       	st	Z, r24
    1562:	08 c0       	rjmp	.+16     	; 0x1574 <_EXIT_SLP_TIME9>

00001564 <_VAL_NOT_NULL9>:
    1564:	e1 e6       	ldi	r30, 0x61	; 97
    1566:	f1 e0       	ldi	r31, 0x01	; 1
    1568:	20 91 3a 01 	lds	r18, 0x013A
    156c:	e2 0f       	add	r30, r18
    156e:	20 e0       	ldi	r18, 0x00	; 0
    1570:	f2 1f       	adc	r31, r18
    1572:	80 81       	ld	r24, Z

00001574 <_EXIT_SLP_TIME9>:
    1574:	81 30       	cpi	r24, 0x01	; 1
    1576:	19 f0       	breq	.+6      	; 0x157e <_KER_CALC_PRIO8>
    1578:	84 30       	cpi	r24, 0x04	; 4
    157a:	09 f0       	breq	.+2      	; 0x157e <_KER_CALC_PRIO8>
    157c:	12 c0       	rjmp	.+36     	; 0x15a2 <_KER_SCH_NEXT8>

0000157e <_KER_CALC_PRIO8>:
    157e:	e9 e6       	ldi	r30, 0x69	; 105
    1580:	f1 e0       	ldi	r31, 0x01	; 1
    1582:	20 e0       	ldi	r18, 0x00	; 0
    1584:	80 91 3a 01 	lds	r24, 0x013A
    1588:	e8 0f       	add	r30, r24
    158a:	f2 1f       	adc	r31, r18
    158c:	80 81       	ld	r24, Z
    158e:	20 91 3c 01 	lds	r18, 0x013C
    1592:	82 17       	cp	r24, r18
    1594:	30 f4       	brcc	.+12     	; 0x15a2 <_KER_SCH_NEXT8>
    1596:	80 93 3c 01 	sts	0x013C, r24
    159a:	20 91 3a 01 	lds	r18, 0x013A
    159e:	20 93 3d 01 	sts	0x013D, r18

000015a2 <_KER_SCH_NEXT8>:
    15a2:	20 91 3a 01 	lds	r18, 0x013A
    15a6:	23 95       	inc	r18
    15a8:	30 91 3b 01 	lds	r19, 0x013B
    15ac:	23 17       	cp	r18, r19
    15ae:	08 f4       	brcc	.+2      	; 0x15b2 <_KER_SCH_EXIT8>
    15b0:	b4 cf       	rjmp	.-152    	; 0x151a <_KER_SCH_LOOP8>

000015b2 <_KER_SCH_EXIT8>:
    15b2:	20 91 3d 01 	lds	r18, 0x013D
    15b6:	20 93 3a 01 	sts	0x013A, r18
		KER_CPU_USAGE                                     ;calc cpu usage         ( 26 clocks) 
    15ba:	20 91 3a 01 	lds	r18, 0x013A
    15be:	22 23       	and	r18, r18
    15c0:	29 f0       	breq	.+10     	; 0x15cc <_KER_USG_TICK14>
    15c2:	20 91 3f 01 	lds	r18, 0x013F
    15c6:	23 95       	inc	r18
    15c8:	20 93 3f 01 	sts	0x013F, r18

000015cc <_KER_USG_TICK14>:
    15cc:	20 91 3e 01 	lds	r18, 0x013E
    15d0:	23 95       	inc	r18
    15d2:	24 36       	cpi	r18, 0x64	; 100
    15d4:	40 f0       	brcs	.+16     	; 0x15e6 <_KER_USG_UTC_SV14>
    15d6:	20 e0       	ldi	r18, 0x00	; 0
    15d8:	30 91 3f 01 	lds	r19, 0x013F
    15dc:	30 93 40 01 	sts	0x0140, r19
    15e0:	30 e0       	ldi	r19, 0x00	; 0
    15e2:	30 93 3f 01 	sts	0x013F, r19

000015e6 <_KER_USG_UTC_SV14>:
    15e6:	20 93 3e 01 	sts	0x013E, r18
		KER_LOAD_TASK_ID_AND_SP                           ;load next task id, SP  ( 14 clocks) 
    15ea:	e3 e4       	ldi	r30, 0x43	; 67
    15ec:	f1 e0       	ldi	r31, 0x01	; 1
    15ee:	20 91 3a 01 	lds	r18, 0x013A
    15f2:	22 0f       	add	r18, r18
    15f4:	e2 0f       	add	r30, r18
    15f6:	20 e0       	ldi	r18, 0x00	; 0
    15f8:	f2 1f       	adc	r31, r18
    15fa:	20 81       	ld	r18, Z
    15fc:	31 81       	ldd	r19, Z+1	; 0x01
    15fe:	2d bf       	out	0x3d, r18	; 61
    1600:	3e bf       	out	0x3e, r19	; 62
		KER_CONTEXT_RESTORE_HANDLER                       ;restore context        ( 67 clocks) 
    1602:	ff 91       	pop	r31
    1604:	ef 91       	pop	r30
    1606:	df 91       	pop	r29
    1608:	cf 91       	pop	r28
    160a:	bf 91       	pop	r27
    160c:	af 91       	pop	r26
    160e:	9f 91       	pop	r25
    1610:	8f 91       	pop	r24
    1612:	7f 91       	pop	r23
    1614:	6f 91       	pop	r22
    1616:	5f 91       	pop	r21
    1618:	4f 91       	pop	r20
    161a:	3f 91       	pop	r19
    161c:	2f 91       	pop	r18
    161e:	1f 91       	pop	r17
    1620:	0f 91       	pop	r16
    1622:	ff 90       	pop	r15
    1624:	ef 90       	pop	r14
    1626:	df 90       	pop	r13
    1628:	cf 90       	pop	r12
    162a:	bf 90       	pop	r11
    162c:	af 90       	pop	r10
    162e:	9f 90       	pop	r9
    1630:	8f 90       	pop	r8
    1632:	7f 90       	pop	r7
    1634:	6f 90       	pop	r6
    1636:	5f 90       	pop	r5
    1638:	4f 90       	pop	r4
    163a:	3f 90       	pop	r3
    163c:	2f 90       	pop	r2
    163e:	1f 90       	pop	r1
    1640:	0f 90       	pop	r0
    1642:	0f be       	out	0x3f, r0	; 63
    1644:	0f 90       	pop	r0
	    KER_DEBUG_PIN_CLEAR                               ;debug pin clear        (  2 clocks) 
		RETI                                              ;return from interrupt  (  4 clocks) 
    1646:	18 95       	reti

00001648 <Kernel_Tick_Init>:
;used registers          : R18, R19, R22, R24, R26(XL), R27(XH), R30(ZL), R31(ZH)              
;arg registers           : R24(Prescaler), R22(ReloadVal)                                      
;return registers        : None                                                                
;unsafe access registers : R18, R19, R22, R24, R26(XL), R27(XH), R30(ZL), R31(ZH)              
Kernel_Tick_Init:                                         ;total 11.50uS @8MHz    ( 92 clocks) 
        CLI                                               ;disable global int     (  1 clock ) 
    1648:	f8 94       	cli
		KER_DEBUG_PIN_INIT                                ;debug pin init         (  4 clocks) 
        KER_PUSH_MSP_ZP                                   ;push MSP and ZP        ( 18 clocks) 
    164a:	a0 91 53 01 	lds	r26, 0x0153
    164e:	b0 91 54 01 	lds	r27, 0x0154
    1652:	2d b7       	in	r18, 0x3d	; 61
    1654:	3e b7       	in	r19, 0x3e	; 62
    1656:	2d 93       	st	X+, r18
    1658:	3d 93       	st	X+, r19
    165a:	ed 93       	st	X+, r30
    165c:	fd 93       	st	X+, r31
    165e:	a0 93 53 01 	sts	0x0153, r26
    1662:	b0 93 54 01 	sts	0x0154, r27
		;clear reg                                                                             
		LDI   R18                , 0x00                   ;set 0x00 to R18        (  1 clock ) 
    1666:	20 e0       	ldi	r18, 0x00	; 0
		;clear tick counter                                                                    
		STS   KerBase+OFB_TICK0  , R18                    ;clear  KerBase[0]      (  2 clocks) 
    1668:	20 93 33 01 	sts	0x0133, r18
		STS   KerBase+OFB_TICK1  , R18                    ;clear  KerBase[1]      (  2 clocks) 
    166c:	20 93 34 01 	sts	0x0134, r18
		STS   KerBase+OFB_TICK2  , R18                    ;clear  KerBase[2]      (  2 clocks) 
    1670:	20 93 35 01 	sts	0x0135, r18
		STS   KerBase+OFB_TICK3  , R18                    ;clear  KerBase[3]      (  2 clocks) 
    1674:	20 93 36 01 	sts	0x0136, r18
		STS   KerBase+OFB_TICK4  , R18                    ;clear  KerBase[4]      (  2 clocks) 
    1678:	20 93 37 01 	sts	0x0137, r18
		;clear system registers                                                                
		STS   KerBase+OFB_PRS    , R18                    ;clear  KerBase[5]      (  2 clocks) 
    167c:	20 93 38 01 	sts	0x0138, r18
		STS   KerBase+OFB_RLD    , R18                    ;clear  KerBase[6]      (  2 clocks) 
    1680:	20 93 39 01 	sts	0x0139, r18
		STS   KerBase+OFB_TID    , R18                    ;clear  KerBase[7]      (  2 clocks) 
    1684:	20 93 3a 01 	sts	0x013A, r18
		STS   KerBase+OFB_NTSK   , R18                    ;clear  KerBase[8]      (  2 clocks) 
    1688:	20 93 3b 01 	sts	0x013B, r18
		STS   KerBase+OFB_LPR    , R18                    ;clear  KerBase[9]      (  2 clocks) 
    168c:	20 93 3c 01 	sts	0x013C, r18
        STS   KerBase+OFB_PTID   , R18                    ;clear  KerBase[10]     (  2 clocks) 
    1690:	20 93 3d 01 	sts	0x013D, r18
		STS   KerBase+OFB_UTC    , R18                    ;clear  KerBase[11]     (  2 clocks) 
    1694:	20 93 3e 01 	sts	0x013E, r18
		STS   KerBase+OFB_UATC   , R18                    ;clear  KerBase[12]     (  2 clocks) 
    1698:	20 93 3f 01 	sts	0x013F, r18
		STS   KerBase+OFB_USAGE  , R18                    ;clear  KerBase[13]     (  2 clocks) 
    169c:	20 93 40 01 	sts	0x0140, r18
		;clear all timer registers                                                             
        #ifdef KER_WDT_AS_TICK_SRC                                                             
		KER_WDT_DISABLE                                                                        
		#elif defined(KER_TIMER2_AS_TICK_SRC) || defined(KER_TIMER2_ASYNC_AS_TICK_SRC)         
        KER_TIMER2_DISABLE                                                                     
    16a0:	20 e0       	ldi	r18, 0x00	; 0
    16a2:	20 93 70 00 	sts	0x0070, r18
    16a6:	20 e0       	ldi	r18, 0x00	; 0
    16a8:	20 93 b1 00 	sts	0x00B1, r18
    16ac:	20 e0       	ldi	r18, 0x00	; 0
    16ae:	20 93 b6 00 	sts	0x00B6, r18
    16b2:	20 e0       	ldi	r18, 0x00	; 0
    16b4:	20 93 b4 00 	sts	0x00B4, r18
    16b8:	20 93 b2 00 	sts	0x00B2, r18
		#else                                                                                  
		KER_TIMER2_DISABLE                                                                     
		#endif                                                                                 
		;save values for future use                                                            
		STS   KerBase+OFB_PRS    , R24                    ;KerBase[5] prescaler   (  2 clocks) 
    16bc:	80 93 38 01 	sts	0x0138, r24
		STS   KerBase+OFB_RLD    , R22                    ;KerBase[6] reload val  (  2 clocks) 
    16c0:	60 93 39 01 	sts	0x0139, r22
        KER_POP_MSP_ZP                                    ;pop MSP and ZP         ( 18 clocks) 
    16c4:	a0 91 53 01 	lds	r26, 0x0153
    16c8:	b0 91 54 01 	lds	r27, 0x0154
    16cc:	fe 91       	ld	r31, -X
    16ce:	ee 91       	ld	r30, -X
    16d0:	3e 91       	ld	r19, -X
    16d2:	2e 91       	ld	r18, -X
    16d4:	2d bf       	out	0x3d, r18	; 61
    16d6:	3e bf       	out	0x3e, r19	; 62
    16d8:	a0 93 53 01 	sts	0x0153, r26
    16dc:	b0 93 54 01 	sts	0x0154, r27
		RET                                               ;return from subroutine (  4 clocks) 
    16e0:	08 95       	ret

000016e2 <Kernel_Task_Create>:
;used registers          : R18, R19, R20, R22, R24, R25, R26(XL), R27(XH), R30(ZL), R31(ZH)    
;arg registers           : R25:R24(FuncPtr), R22(TaskPriority)                                 
;return registers        : None                                                                
;unsafe access registers : R18, R19, R20, R22, R24, R25, R26(XL), R27(XH), R30(ZL), R31(ZH)    
Kernel_Task_Create:                                       ;total 21.50uS @8MHz    (172 clocks) 
        KER_PUSH_MSP_ZP                                   ;push MSP and ZP        ( 18 clocks) 
    16e2:	a0 91 53 01 	lds	r26, 0x0153
    16e6:	b0 91 54 01 	lds	r27, 0x0154
    16ea:	2d b7       	in	r18, 0x3d	; 61
    16ec:	3e b7       	in	r19, 0x3e	; 62
    16ee:	2d 93       	st	X+, r18
    16f0:	3d 93       	st	X+, r19
    16f2:	ed 93       	st	X+, r30
    16f4:	fd 93       	st	X+, r31
    16f6:	a0 93 53 01 	sts	0x0153, r26
    16fa:	b0 93 54 01 	sts	0x0154, r27
		;set priority to KerSchPr+task_id                                                      
		LDI   R30                , lo8(KerSchPr)          ;load low byte          (  1 clock ) 
    16fe:	e9 e6       	ldi	r30, 0x69	; 105
		LDI   R31                , hi8(KerSchPr)          ;load high byte         (  1 clock ) 
    1700:	f1 e0       	ldi	r31, 0x01	; 1
		KER_CALC_ADDR_OFF_BYTES                           ;calc offset            (  5 clocks) 
    1702:	20 91 3a 01 	lds	r18, 0x013A
    1706:	e2 0f       	add	r30, r18
    1708:	20 e0       	ldi	r18, 0x00	; 0
    170a:	f2 1f       	adc	r31, r18
		ST    Z                  , R22                    ;save priority          (  2 clocks) 
    170c:	60 83       	st	Z, r22
		;set task status to KerSchSts+task_id                                                  
		LDI   R30                , lo8(KerSchSts)         ;load low byte          (  1 clock ) 
    170e:	e1 e6       	ldi	r30, 0x61	; 97
		LDI   R31                , hi8(KerSchSts)         ;load high byte         (  1 clock ) 
    1710:	f1 e0       	ldi	r31, 0x01	; 1
		KER_CALC_ADDR_OFF_BYTES                           ;calc offset            (  5 clocks) 
    1712:	20 91 3a 01 	lds	r18, 0x013A
    1716:	e2 0f       	add	r30, r18
    1718:	20 e0       	ldi	r18, 0x00	; 0
    171a:	f2 1f       	adc	r31, r18
		LDI   R18                , TASK_READY             ;set status as ready    (  1 clock ) 
    171c:	21 e0       	ldi	r18, 0x01	; 1
		ST    Z                  , R18                    ;save status            (  2 clocks) 
    171e:	20 83       	st	Z, r18
		;stack pointer for current task (KerStack + KER_STK_SZ*(task_id+1) - 1) ->stack top    
		LDS   R18                , KerBase+OFB_TID        ;load task_id           (  2 clocks) 
    1720:	20 91 3a 01 	lds	r18, 0x013A
		INC   R18                                         ;increment task_id      (  1 clock ) 
    1724:	23 95       	inc	r18
		LDI   R19                , KER_STK_SZ             ;load stack size        (  1 clock ) 
    1726:	30 e8       	ldi	r19, 0x80	; 128
		MUL   R18                , R19                    ;multiply to get offset (  2 clocks) 
    1728:	23 9f       	mul	r18, r19
		MOV   R30                , R0                     ;load multiplied low    (  1 clocks) 
    172a:	e0 2d       	mov	r30, r0
		MOV   R31                , R1                     ;load multiplied high   (  1 clocks) 
    172c:	f1 2d       	mov	r31, r1
		SBIW  R30                , 0x01                   ;dec multiplied val-1   (  2 clocks) 
    172e:	31 97       	sbiw	r30, 0x01	; 1
		CLR   R1                                          ;gcc expects cleared    (  1 clock ) 
    1730:	11 24       	eor	r1, r1
		LDI   R18                , lo8(KerStack)          ;load base addr low     (  1 clock ) 
    1732:	21 e8       	ldi	r18, 0x81	; 129
		LDI   R19                , hi8(KerStack)          ;load base addr high    (  1 clock ) 
    1734:	31 e0       	ldi	r19, 0x01	; 1
		ADD   R30                , R18                    ;add low bytes          (  1 clock ) 
    1736:	e2 0f       	add	r30, r18
		ADC   R31                , R19                    ;add high bytes+carry   (  1 clock ) 
    1738:	f3 1f       	adc	r31, r19
		OUT   IOSPL              , R30                    ;load SPL               (  1 clock ) 
    173a:	ed bf       	out	0x3d, r30	; 61
        OUT   IOSPH              , R31                    ;load SPH               (  1 clock ) 
    173c:	fe bf       	out	0x3e, r31	; 62
		;function argument directly returns word address                                       
	    PUSH  R24                                         ;push word addr low     (  2 clocks) 
    173e:	8f 93       	push	r24
		PUSH  R25                                         ;push word addr high    (  2 clocks) 
    1740:	9f 93       	push	r25
		;push context to stack of this task                                                    
		KER_CONTEXT_SAVE_HANDLER                          ;save context           ( 68 clocks) 
    1742:	0f 92       	push	r0
    1744:	0f b6       	in	r0, 0x3f	; 63
    1746:	0f 92       	push	r0
    1748:	1f 92       	push	r1
    174a:	11 24       	eor	r1, r1
    174c:	2f 92       	push	r2
    174e:	3f 92       	push	r3
    1750:	4f 92       	push	r4
    1752:	5f 92       	push	r5
    1754:	6f 92       	push	r6
    1756:	7f 92       	push	r7
    1758:	8f 92       	push	r8
    175a:	9f 92       	push	r9
    175c:	af 92       	push	r10
    175e:	bf 92       	push	r11
    1760:	cf 92       	push	r12
    1762:	df 92       	push	r13
    1764:	ef 92       	push	r14
    1766:	ff 92       	push	r15
    1768:	0f 93       	push	r16
    176a:	1f 93       	push	r17
    176c:	2f 93       	push	r18
    176e:	3f 93       	push	r19
    1770:	4f 93       	push	r20
    1772:	5f 93       	push	r21
    1774:	6f 93       	push	r22
    1776:	7f 93       	push	r23
    1778:	8f 93       	push	r24
    177a:	9f 93       	push	r25
    177c:	af 93       	push	r26
    177e:	bf 93       	push	r27
    1780:	cf 93       	push	r28
    1782:	df 93       	push	r29
    1784:	ef 93       	push	r30
    1786:	ff 93       	push	r31
		;read stack pointer of current task (necessary when restore)                           
		IN    R18                , IOSPL                  ;read SPL               (  1 clock ) 
    1788:	2d b7       	in	r18, 0x3d	; 61
        IN    R19                , IOSPH                  ;read SPH               (  1 clock ) 
    178a:	3e b7       	in	r19, 0x3e	; 62
		;calculate the address where current task's SP will be stored and store SP             
		LDS   R20                , KerBase+OFB_TID        ;load task_id           (  2 clocks) 
    178c:	40 91 3a 01 	lds	r20, 0x013A
		LSL   R20                                         ;left shift to multiply (  1 clock ) 
    1790:	44 0f       	add	r20, r20
		LDI   R30                , lo8(KerPSP)            ;fetch base pos low     (  1 clock ) 
    1792:	e3 e4       	ldi	r30, 0x43	; 67
		LDI   R31                , hi8(KerPSP)            ;fetch base pos high    (  1 clock ) 
    1794:	f1 e0       	ldi	r31, 0x01	; 1
		ADD   R30                , R20                    ;add offset to array    (  1 clock ) 
    1796:	e4 0f       	add	r30, r20
		LDI   R20                , 0x00                   ;clear reg              (  1 clock ) 
    1798:	40 e0       	ldi	r20, 0x00	; 0
		ADC   R31                , R20                    ;add carry if any       (  1 clock ) 
    179a:	f4 1f       	adc	r31, r20
		ST    Z+                 , R18                    ;SPL at KerPSp+offset   (  2 clocks) 
    179c:	21 93       	st	Z+, r18
		ST    Z                  , R19                    ;SPH at KerPSp+offset   (  2 clocks) 
    179e:	30 83       	st	Z, r19
		;increment task_id                                                                     
		LDS   R18                , KerBase+OFB_TID        ;load task_id           (  2 clocks) 
    17a0:	20 91 3a 01 	lds	r18, 0x013A
		INC   R18                                         ;increment task_id      (  1 clock ) 
    17a4:	23 95       	inc	r18
		STS   KerBase+OFB_TID    , R18                    ;store task_id          (  2 clocks) 
    17a6:	20 93 3a 01 	sts	0x013A, r18
		;increment ntask                                                                       
		LDS   R18                , KerBase+OFB_NTSK       ;load ntask             (  2 clocks) 
    17aa:	20 91 3b 01 	lds	r18, 0x013B
		INC   R18                                         ;increment ntask        (  1 clock ) 
    17ae:	23 95       	inc	r18
		STS   KerBase+OFB_NTSK   , R18                    ;store ntask            (  2 clocks) 
    17b0:	20 93 3b 01 	sts	0x013B, r18
		KER_POP_MSP_ZP                                    ;pop MSP and ZP         ( 18 clocks) 
    17b4:	a0 91 53 01 	lds	r26, 0x0153
    17b8:	b0 91 54 01 	lds	r27, 0x0154
    17bc:	fe 91       	ld	r31, -X
    17be:	ee 91       	ld	r30, -X
    17c0:	3e 91       	ld	r19, -X
    17c2:	2e 91       	ld	r18, -X
    17c4:	2d bf       	out	0x3d, r18	; 61
    17c6:	3e bf       	out	0x3e, r19	; 62
    17c8:	a0 93 53 01 	sts	0x0153, r26
    17cc:	b0 93 54 01 	sts	0x0154, r27
		RET                                               ;return from subroutine (  4 clocks) 
    17d0:	08 95       	ret

000017d2 <Kernel_Start_Tasks>:
;used registers          : R0~R31                                                              
;arg registers           : None                                                                
;return registers        : None                                                                
;unsafe access registers : R18, R19, R20, R24, R25, R30(ZL), R31(ZH)                           
Kernel_Start_Tasks:                                       ;total 25.63uS @8MHz    (205 clocks) 
		LDI    R24               , SCH_MODE_THREAD        ;set sch mode           (  1 clock ) 
    17d2:	81 e0       	ldi	r24, 0x01	; 1
		KER_RUN_SCHEDULER                                 ;run scheduler          (106 clocks) 
    17d4:	2f ef       	ldi	r18, 0xFF	; 255
    17d6:	20 93 3c 01 	sts	0x013C, r18
    17da:	20 e0       	ldi	r18, 0x00	; 0
    17dc:	20 93 3d 01 	sts	0x013D, r18
    17e0:	58 2f       	mov	r21, r24

000017e2 <_KER_SCH_LOOP32>:
    17e2:	20 93 3a 01 	sts	0x013A, r18
    17e6:	85 2f       	mov	r24, r21
    17e8:	e1 e7       	ldi	r30, 0x71	; 113
    17ea:	f1 e0       	ldi	r31, 0x01	; 1
    17ec:	20 91 3a 01 	lds	r18, 0x013A
    17f0:	22 0f       	add	r18, r18
    17f2:	e2 0f       	add	r30, r18
    17f4:	20 e0       	ldi	r18, 0x00	; 0
    17f6:	f2 1f       	adc	r31, r18
    17f8:	20 81       	ld	r18, Z
    17fa:	31 81       	ldd	r19, Z+1	; 0x01
    17fc:	42 2f       	mov	r20, r18
    17fe:	43 2b       	or	r20, r19
    1800:	59 f0       	breq	.+22     	; 0x1818 <_VAL_NULL33>
    1802:	81 30       	cpi	r24, 0x01	; 1
    1804:	99 f0       	breq	.+38     	; 0x182c <_VAL_NOT_NULL33>
    1806:	41 e0       	ldi	r20, 0x01	; 1
    1808:	24 1b       	sub	r18, r20
    180a:	40 e0       	ldi	r20, 0x00	; 0
    180c:	34 0b       	sbc	r19, r20
    180e:	20 83       	st	Z, r18
    1810:	31 83       	std	Z+1, r19	; 0x01
    1812:	42 2f       	mov	r20, r18
    1814:	43 2b       	or	r20, r19
    1816:	51 f4       	brne	.+20     	; 0x182c <_VAL_NOT_NULL33>

00001818 <_VAL_NULL33>:
    1818:	e1 e6       	ldi	r30, 0x61	; 97
    181a:	f1 e0       	ldi	r31, 0x01	; 1
    181c:	20 91 3a 01 	lds	r18, 0x013A
    1820:	e2 0f       	add	r30, r18
    1822:	20 e0       	ldi	r18, 0x00	; 0
    1824:	f2 1f       	adc	r31, r18
    1826:	81 e0       	ldi	r24, 0x01	; 1
    1828:	80 83       	st	Z, r24
    182a:	08 c0       	rjmp	.+16     	; 0x183c <_EXIT_SLP_TIME33>

0000182c <_VAL_NOT_NULL33>:
    182c:	e1 e6       	ldi	r30, 0x61	; 97
    182e:	f1 e0       	ldi	r31, 0x01	; 1
    1830:	20 91 3a 01 	lds	r18, 0x013A
    1834:	e2 0f       	add	r30, r18
    1836:	20 e0       	ldi	r18, 0x00	; 0
    1838:	f2 1f       	adc	r31, r18
    183a:	80 81       	ld	r24, Z

0000183c <_EXIT_SLP_TIME33>:
    183c:	81 30       	cpi	r24, 0x01	; 1
    183e:	19 f0       	breq	.+6      	; 0x1846 <_KER_CALC_PRIO32>
    1840:	84 30       	cpi	r24, 0x04	; 4
    1842:	09 f0       	breq	.+2      	; 0x1846 <_KER_CALC_PRIO32>
    1844:	12 c0       	rjmp	.+36     	; 0x186a <_KER_SCH_NEXT32>

00001846 <_KER_CALC_PRIO32>:
    1846:	e9 e6       	ldi	r30, 0x69	; 105
    1848:	f1 e0       	ldi	r31, 0x01	; 1
    184a:	20 e0       	ldi	r18, 0x00	; 0
    184c:	80 91 3a 01 	lds	r24, 0x013A
    1850:	e8 0f       	add	r30, r24
    1852:	f2 1f       	adc	r31, r18
    1854:	80 81       	ld	r24, Z
    1856:	20 91 3c 01 	lds	r18, 0x013C
    185a:	82 17       	cp	r24, r18
    185c:	30 f4       	brcc	.+12     	; 0x186a <_KER_SCH_NEXT32>
    185e:	80 93 3c 01 	sts	0x013C, r24
    1862:	20 91 3a 01 	lds	r18, 0x013A
    1866:	20 93 3d 01 	sts	0x013D, r18

0000186a <_KER_SCH_NEXT32>:
    186a:	20 91 3a 01 	lds	r18, 0x013A
    186e:	23 95       	inc	r18
    1870:	30 91 3b 01 	lds	r19, 0x013B
    1874:	23 17       	cp	r18, r19
    1876:	08 f4       	brcc	.+2      	; 0x187a <_KER_SCH_EXIT32>
    1878:	b4 cf       	rjmp	.-152    	; 0x17e2 <_KER_SCH_LOOP32>

0000187a <_KER_SCH_EXIT32>:
    187a:	20 91 3d 01 	lds	r18, 0x013D
    187e:	20 93 3a 01 	sts	0x013A, r18
		KER_LOAD_TASK_ID_AND_SP                           ;load next task id, SP  ( 14 clocks) 
    1882:	e3 e4       	ldi	r30, 0x43	; 67
    1884:	f1 e0       	ldi	r31, 0x01	; 1
    1886:	20 91 3a 01 	lds	r18, 0x013A
    188a:	22 0f       	add	r18, r18
    188c:	e2 0f       	add	r30, r18
    188e:	20 e0       	ldi	r18, 0x00	; 0
    1890:	f2 1f       	adc	r31, r18
    1892:	20 81       	ld	r18, Z
    1894:	31 81       	ldd	r19, Z+1	; 0x01
    1896:	2d bf       	out	0x3d, r18	; 61
    1898:	3e bf       	out	0x3e, r19	; 62
		KER_CONTEXT_RESTORE_THREAD                        ;restore context        ( 68 clocks) 
    189a:	ff 91       	pop	r31
    189c:	ef 91       	pop	r30
    189e:	df 91       	pop	r29
    18a0:	cf 91       	pop	r28
    18a2:	bf 91       	pop	r27
    18a4:	af 91       	pop	r26
    18a6:	9f 91       	pop	r25
    18a8:	8f 91       	pop	r24
    18aa:	7f 91       	pop	r23
    18ac:	6f 91       	pop	r22
    18ae:	5f 91       	pop	r21
    18b0:	4f 91       	pop	r20
    18b2:	3f 91       	pop	r19
    18b4:	2f 91       	pop	r18
    18b6:	1f 91       	pop	r17
    18b8:	0f 91       	pop	r16
    18ba:	ff 90       	pop	r15
    18bc:	ef 90       	pop	r14
    18be:	df 90       	pop	r13
    18c0:	cf 90       	pop	r12
    18c2:	bf 90       	pop	r11
    18c4:	af 90       	pop	r10
    18c6:	9f 90       	pop	r9
    18c8:	8f 90       	pop	r8
    18ca:	7f 90       	pop	r7
    18cc:	6f 90       	pop	r6
    18ce:	5f 90       	pop	r5
    18d0:	4f 90       	pop	r4
    18d2:	3f 90       	pop	r3
    18d4:	2f 90       	pop	r2
    18d6:	1f 90       	pop	r1
    18d8:	0f 90       	pop	r0
    18da:	0f be       	out	0x3f, r0	; 63
    18dc:	0f 90       	pop	r0
    18de:	78 94       	sei
		;config timer for system tick                                                          
		KER_TIMER_INIT                                    ;init timer, int enable ( 12 clocks) 
    18e0:	20 e0       	ldi	r18, 0x00	; 0
    18e2:	20 93 70 00 	sts	0x0070, r18
    18e6:	20 e2       	ldi	r18, 0x20	; 32
    18e8:	20 93 b6 00 	sts	0x00B6, r18
		LDI   R18                , 0x80                   ;4Hz->clk/64/128        (  1 clock ) 
		LDI   R19                , 0x04                   ;4Hz->clk/64/128        (  1 clock ) 
		#elif defined(KER_TOSC_TICK_500MS)                                                     
		LDI   R18                , 0x80                   ;2Hz->clk/128/128       (  1 clock ) 
		LDI   R19                , 0x05                   ;2Hz->clk/128/128       (  1 clock ) 
		#elif defined(KER_TOSC_TICK_1000MS)                                                    
    18ec:	20 e8       	ldi	r18, 0x80	; 128
    18ee:	36 e0       	ldi	r19, 0x06	; 6
    18f0:	20 93 b3 00 	sts	0x00B3, r18
    18f4:	20 e0       	ldi	r18, 0x00	; 0
    18f6:	20 93 b4 00 	sts	0x00B4, r18
    18fa:	22 e0       	ldi	r18, 0x02	; 2
    18fc:	20 93 b0 00 	sts	0x00B0, r18
    1900:	30 93 b1 00 	sts	0x00B1, r19
    1904:	20 e0       	ldi	r18, 0x00	; 0
    1906:	20 93 b2 00 	sts	0x00B2, r18

0000190a <_KER_TC2_AUB44>:
    190a:	20 91 b6 00 	lds	r18, 0x00B6
    190e:	22 70       	andi	r18, 0x02	; 2
    1910:	e1 f7       	brne	.-8      	; 0x190a <_KER_TC2_AUB44>

00001912 <_KER_TC2_BUB44>:
    1912:	20 91 b6 00 	lds	r18, 0x00B6
    1916:	21 70       	andi	r18, 0x01	; 1
    1918:	e1 f7       	brne	.-8      	; 0x1912 <_KER_TC2_BUB44>

0000191a <_KER_OC2_AUB44>:
    191a:	20 91 b6 00 	lds	r18, 0x00B6
    191e:	28 70       	andi	r18, 0x08	; 8
    1920:	e1 f7       	brne	.-8      	; 0x191a <_KER_OC2_AUB44>

00001922 <_KER_OC2_BUB44>:
    1922:	20 91 b6 00 	lds	r18, 0x00B6
    1926:	24 70       	andi	r18, 0x04	; 4
    1928:	e1 f7       	brne	.-8      	; 0x1922 <_KER_OC2_BUB44>

0000192a <_KER_TC2_UB44>:
    192a:	20 91 b6 00 	lds	r18, 0x00B6
    192e:	20 71       	andi	r18, 0x10	; 16
    1930:	e1 f7       	brne	.-8      	; 0x192a <_KER_TC2_UB44>

00001932 <_KER_TC2_TOV244>:
    1932:	20 91 37 00 	lds	r18, 0x0037
    1936:	21 70       	andi	r18, 0x01	; 1
    1938:	19 f0       	breq	.+6      	; 0x1940 <_KER_TC2_OCF2A44>
    193a:	21 e0       	ldi	r18, 0x01	; 1
    193c:	20 93 37 00 	sts	0x0037, r18

00001940 <_KER_TC2_OCF2A44>:
    1940:	20 91 37 00 	lds	r18, 0x0037
    1944:	22 70       	andi	r18, 0x02	; 2
    1946:	19 f0       	breq	.+6      	; 0x194e <_KER_TC2_OCF2B44>
    1948:	22 e0       	ldi	r18, 0x02	; 2
    194a:	20 93 37 00 	sts	0x0037, r18

0000194e <_KER_TC2_OCF2B44>:
    194e:	20 91 37 00 	lds	r18, 0x0037
    1952:	24 70       	andi	r18, 0x04	; 4
    1954:	19 f0       	breq	.+6      	; 0x195c <_KER_TC2_INTEN44>
    1956:	24 e0       	ldi	r18, 0x04	; 4
    1958:	20 93 37 00 	sts	0x0037, r18

0000195c <_KER_TC2_INTEN44>:
    195c:	22 e0       	ldi	r18, 0x02	; 2
    195e:	20 93 70 00 	sts	0x0070, r18
		KER_LOAD_TASK_ID_AND_SP                           ;load next task id, SP  ( 14 clocks) 
		KER_CONTEXT_RESTORE_THREAD                        ;restore context        ( 68 clocks) 
		;config timer for system tick                                                          
		KER_TIMER_INIT                                    ;init timer, int enable ( 12 clocks) 
		;execute return to jump to highest priority task                                       
		RET                                               ;return from subroutine (  4 clocks) 
    1962:	08 95       	ret

00001964 <Kernel_Init>:
;used registers          : R1, R18, R19, R22, R24, R25, R26(XL), R27(XH), R30(ZL), R31(ZH)     
;arg registers           : None                                                                
;return registers        : None                                                                
;unsafe access registers : R1, R18, R19, R22, R24, R25, R26(XL), R27(XH), R30(ZL), R31(ZH)     
Kernel_Init:                                              ;total 39.75uS @8MHz    (318 clocks) 
		CLR   R1                                          ;gcc expects            (  1 clock ) 
    1964:	11 24       	eor	r1, r1
        ;store stack top (for MSP) addr to KerSSZ+OFM_MSPI0:1                                  
		LDI   R18                , lo8(KerSSZ+OFM_MSPS)   ;load low address       (  1 clock ) 
    1966:	25 e5       	ldi	r18, 0x55	; 85
		LDI   R19                , hi8(KerSSZ+OFM_MSPS)   ;load high address      (  1 clock ) 
    1968:	31 e0       	ldi	r19, 0x01	; 1
        STS   KerSSZ+OFM_MSPI+0  , R18                    ;set mspi to stack top  (  2 clocks) 
    196a:	20 93 53 01 	sts	0x0153, r18
		STS   KerSSZ+OFM_MSPI+1  , R19                    ;set mspi to stack top  (  2 clocks) 
    196e:	30 93 54 01 	sts	0x0154, r19
		KER_PUSH_MSP_ZP                                   ;push MSP and ZP        ( 18 clocks) 
    1972:	a0 91 53 01 	lds	r26, 0x0153
    1976:	b0 91 54 01 	lds	r27, 0x0154
    197a:	2d b7       	in	r18, 0x3d	; 61
    197c:	3e b7       	in	r19, 0x3e	; 62
    197e:	2d 93       	st	X+, r18
    1980:	3d 93       	st	X+, r19
    1982:	ed 93       	st	X+, r30
    1984:	fd 93       	st	X+, r31
    1986:	a0 93 53 01 	sts	0x0153, r26
    198a:	b0 93 54 01 	sts	0x0154, r27
		;init timer for kernel                                                                 
		LDI   R24                , 0x04                   ;set prescaler          (  1 clock ) 
    198e:	84 e0       	ldi	r24, 0x04	; 4
		LDI   R22                , 0x7D                   ;set reload val         (  1 clock ) 
    1990:	6d e7       	ldi	r22, 0x7D	; 125
		CALL  Kernel_Tick_Init                            ;init timer             ( 92 clocks) 
    1992:	0e 94 24 0b 	call	0x1648	; 0x1648 <Kernel_Tick_Init>
		;create idle task at task_id 0, priority 0xFF (lowest)                                 
		LDI   R24                , lo8(Kernel_Task_Idle)  ;load func addr low     (  1 clock ) 
    1996:	82 ec       	ldi	r24, 0xC2	; 194
		LDI   R25                , hi8(Kernel_Task_Idle)  ;load func addr high    (  1 clock ) 
    1998:	99 e1       	ldi	r25, 0x19	; 25
		LSR   R25                                         ;right shift to divide  (  1 clock ) 
    199a:	96 95       	lsr	r25
		ROR   R24                                         ;rotate right th carry  (  1 clock ) 
    199c:	87 95       	ror	r24
		LDI   R22                , 0xFF                   ;set max val            (  1 clock ) 
    199e:	6f ef       	ldi	r22, 0xFF	; 255
		CALL  Kernel_Task_Create                          ;init idle task         (172 clocks) 
    19a0:	0e 94 71 0b 	call	0x16e2	; 0x16e2 <Kernel_Task_Create>
		KER_POP_MSP_ZP                                    ;pop MSP and ZP         ( 18 clocks) 
    19a4:	a0 91 53 01 	lds	r26, 0x0153
    19a8:	b0 91 54 01 	lds	r27, 0x0154
    19ac:	fe 91       	ld	r31, -X
    19ae:	ee 91       	ld	r30, -X
    19b0:	3e 91       	ld	r19, -X
    19b2:	2e 91       	ld	r18, -X
    19b4:	2d bf       	out	0x3d, r18	; 61
    19b6:	3e bf       	out	0x3e, r19	; 62
    19b8:	a0 93 53 01 	sts	0x0153, r26
    19bc:	b0 93 54 01 	sts	0x0154, r27
		;execute return to jump to task0, pushed while task init                               
		RET                                               ;return from subroutine (  4 clocks) 
    19c0:	08 95       	ret

000019c2 <Kernel_Task_Idle>:
		LDI   R18                , 0x00                   ;set SM[2:0] val        (  1 clock ) 
		#elif defined(KER_SLEEP_MODE_ADC_NR)                                                   
		LDI   R18                , 0x02                   ;set SM[2:0] val        (  1 clock ) 
		#elif defined(KER_SLEEP_MODE_POWER_DOWN)                                               
		LDI   R18                , 0x04                   ;set SM[2:0] val        (  1 clock ) 
        #elif defined(KER_SLEEP_MODE_POWER_SAVE)                                               
    19c2:	26 e0       	ldi	r18, 0x06	; 6
    19c4:	20 93 53 00 	sts	0x0053, r18
    19c8:	20 93 41 01 	sts	0x0141, r18

000019cc <_IDLE_LOOP>:
;return registers        : None                                                                
;unsafe access registers : None                                                                
Kernel_Task_Idle:                                                                              
	    KER_SLEEP_INIT                                    ;sleep init             (  5 clocks) 
    _IDLE_LOOP:                                           ;forever loop                        
	    KER_DISABLE_ANALOG_DOMAIN                         ;disable adc, ac        ( 10 clocks) 
    19cc:	20 91 7a 00 	lds	r18, 0x007A
    19d0:	2f 77       	andi	r18, 0x7F	; 127
    19d2:	20 93 7a 00 	sts	0x007A, r18
    19d6:	20 91 50 00 	lds	r18, 0x0050
    19da:	20 68       	ori	r18, 0x80	; 128
    19dc:	20 93 50 00 	sts	0x0050, r18
		#ifdef KER_CALL_FUNC_BEFORE_SLEEP                                                      
		CALL  Kernel_PreSleep_Hook                        ;call func before sleep (  8 clocks) 
		#endif                                                                                 
	    KER_ENTER_SLEEP                                   ;enter sleep mode       (  6 clocks) 
    19e0:	20 91 53 00 	lds	r18, 0x0053
    19e4:	21 60       	ori	r18, 0x01	; 1
    19e6:	20 93 53 00 	sts	0x0053, r18
    19ea:	88 95       	sleep
		JMP   _IDLE_LOOP                                  ;jump to loop start     (  2 clocks) 
    19ec:	0c 94 e6 0c 	jmp	0x19cc	; 0x19cc <_IDLE_LOOP>

000019f0 <Kernel_Task_Sleep>:
;arg registers           : R25:R24(SleepTime)                                                  
;return registers        : None                                                                
;unsafe access registers : R18, R19, R20, R24, R25, R30(ZL), R31(ZH)                           
Kernel_Task_Sleep:                                        ;total 37.25uS @8MHz    (298 clocks) 
        ;save current context                                                                  
        KER_CONTEXT_SAVE_THREAD                           ;save context           ( 69 clocks) 
    19f0:	0f 92       	push	r0
    19f2:	0f b6       	in	r0, 0x3f	; 63
    19f4:	f8 94       	cli
    19f6:	0f 92       	push	r0
    19f8:	1f 92       	push	r1
    19fa:	11 24       	eor	r1, r1
    19fc:	2f 92       	push	r2
    19fe:	3f 92       	push	r3
    1a00:	4f 92       	push	r4
    1a02:	5f 92       	push	r5
    1a04:	6f 92       	push	r6
    1a06:	7f 92       	push	r7
    1a08:	8f 92       	push	r8
    1a0a:	9f 92       	push	r9
    1a0c:	af 92       	push	r10
    1a0e:	bf 92       	push	r11
    1a10:	cf 92       	push	r12
    1a12:	df 92       	push	r13
    1a14:	ef 92       	push	r14
    1a16:	ff 92       	push	r15
    1a18:	0f 93       	push	r16
    1a1a:	1f 93       	push	r17
    1a1c:	2f 93       	push	r18
    1a1e:	3f 93       	push	r19
    1a20:	4f 93       	push	r20
    1a22:	5f 93       	push	r21
    1a24:	6f 93       	push	r22
    1a26:	7f 93       	push	r23
    1a28:	8f 93       	push	r24
    1a2a:	9f 93       	push	r25
    1a2c:	af 93       	push	r26
    1a2e:	bf 93       	push	r27
    1a30:	cf 93       	push	r28
    1a32:	df 93       	push	r29
    1a34:	ef 93       	push	r30
    1a36:	ff 93       	push	r31
		KER_SAVE_CURR_TASK_SP                             ;save current task SP   ( 14 clocks) 
    1a38:	e3 e4       	ldi	r30, 0x43	; 67
    1a3a:	f1 e0       	ldi	r31, 0x01	; 1
    1a3c:	20 91 3a 01 	lds	r18, 0x013A
    1a40:	22 0f       	add	r18, r18
    1a42:	e2 0f       	add	r30, r18
    1a44:	20 e0       	ldi	r18, 0x00	; 0
    1a46:	f2 1f       	adc	r31, r18
    1a48:	2d b7       	in	r18, 0x3d	; 61
    1a4a:	3e b7       	in	r19, 0x3e	; 62
    1a4c:	20 83       	st	Z, r18
    1a4e:	31 83       	std	Z+1, r19	; 0x01
		;create next task wakeup time (args R25:R24)                                           
		LDI   R30                , lo8(KerSchSlp)         ;load low byte          (  1 clock ) 
    1a50:	e1 e7       	ldi	r30, 0x71	; 113
		LDI   R31                , hi8(KerSchSlp)         ;load high byte         (  1 clock ) 
    1a52:	f1 e0       	ldi	r31, 0x01	; 1
		KER_CALC_ADDR_OFF_WORD                            ;offset calc            (  6 clocks) 
    1a54:	20 91 3a 01 	lds	r18, 0x013A
    1a58:	22 0f       	add	r18, r18
    1a5a:	e2 0f       	add	r30, r18
    1a5c:	20 e0       	ldi	r18, 0x00	; 0
    1a5e:	f2 1f       	adc	r31, r18
		STD   Z+0                , R24                    ;save sleep time low    (  2 clocks) 
    1a60:	80 83       	st	Z, r24
		STD   Z+1                , R25                    ;save sleep time high   (  2 clocks) 
    1a62:	91 83       	std	Z+1, r25	; 0x01
		;update task scheduler status as blocked                                               
		LDI   R30                , lo8(KerSchSts)         ;load low byte          (  1 clock ) 
    1a64:	e1 e6       	ldi	r30, 0x61	; 97
		LDI   R31                , hi8(KerSchSts)         ;load high byte         (  1 clock ) 
    1a66:	f1 e0       	ldi	r31, 0x01	; 1
		KER_CALC_ADDR_OFF_BYTES                           ;offset calc            (  5 clocks) 
    1a68:	20 91 3a 01 	lds	r18, 0x013A
    1a6c:	e2 0f       	add	r30, r18
    1a6e:	20 e0       	ldi	r18, 0x00	; 0
    1a70:	f2 1f       	adc	r31, r18
        LDI   R18                , TASK_BLOCKED           ;block task until cnt=0 (  1 clock ) 
    1a72:	20 e0       	ldi	r18, 0x00	; 0
		STD   Z+0                , R18                    ;save block flag        (  2 clocks) 
    1a74:	20 83       	st	Z, r18
		;run scheduler, load next task sp, restore context                                     
		LDI    R24               , SCH_MODE_THREAD        ;set sch mode           (  1 clock ) 
    1a76:	81 e0       	ldi	r24, 0x01	; 1
		KER_RUN_SCHEDULER                                 ;run scheduler          (106 clocks) 
    1a78:	2f ef       	ldi	r18, 0xFF	; 255
    1a7a:	20 93 3c 01 	sts	0x013C, r18
    1a7e:	20 e0       	ldi	r18, 0x00	; 0
    1a80:	20 93 3d 01 	sts	0x013D, r18
    1a84:	58 2f       	mov	r21, r24

00001a86 <_KER_SCH_LOOP57>:
    1a86:	20 93 3a 01 	sts	0x013A, r18
    1a8a:	85 2f       	mov	r24, r21
    1a8c:	e1 e7       	ldi	r30, 0x71	; 113
    1a8e:	f1 e0       	ldi	r31, 0x01	; 1
    1a90:	20 91 3a 01 	lds	r18, 0x013A
    1a94:	22 0f       	add	r18, r18
    1a96:	e2 0f       	add	r30, r18
    1a98:	20 e0       	ldi	r18, 0x00	; 0
    1a9a:	f2 1f       	adc	r31, r18
    1a9c:	20 81       	ld	r18, Z
    1a9e:	31 81       	ldd	r19, Z+1	; 0x01
    1aa0:	42 2f       	mov	r20, r18
    1aa2:	43 2b       	or	r20, r19
    1aa4:	59 f0       	breq	.+22     	; 0x1abc <_VAL_NULL58>
    1aa6:	81 30       	cpi	r24, 0x01	; 1
    1aa8:	99 f0       	breq	.+38     	; 0x1ad0 <_VAL_NOT_NULL58>
    1aaa:	41 e0       	ldi	r20, 0x01	; 1
    1aac:	24 1b       	sub	r18, r20
    1aae:	40 e0       	ldi	r20, 0x00	; 0
    1ab0:	34 0b       	sbc	r19, r20
    1ab2:	20 83       	st	Z, r18
    1ab4:	31 83       	std	Z+1, r19	; 0x01
    1ab6:	42 2f       	mov	r20, r18
    1ab8:	43 2b       	or	r20, r19
    1aba:	51 f4       	brne	.+20     	; 0x1ad0 <_VAL_NOT_NULL58>

00001abc <_VAL_NULL58>:
    1abc:	e1 e6       	ldi	r30, 0x61	; 97
    1abe:	f1 e0       	ldi	r31, 0x01	; 1
    1ac0:	20 91 3a 01 	lds	r18, 0x013A
    1ac4:	e2 0f       	add	r30, r18
    1ac6:	20 e0       	ldi	r18, 0x00	; 0
    1ac8:	f2 1f       	adc	r31, r18
    1aca:	81 e0       	ldi	r24, 0x01	; 1
    1acc:	80 83       	st	Z, r24
    1ace:	08 c0       	rjmp	.+16     	; 0x1ae0 <_EXIT_SLP_TIME58>

00001ad0 <_VAL_NOT_NULL58>:
    1ad0:	e1 e6       	ldi	r30, 0x61	; 97
    1ad2:	f1 e0       	ldi	r31, 0x01	; 1
    1ad4:	20 91 3a 01 	lds	r18, 0x013A
    1ad8:	e2 0f       	add	r30, r18
    1ada:	20 e0       	ldi	r18, 0x00	; 0
    1adc:	f2 1f       	adc	r31, r18
    1ade:	80 81       	ld	r24, Z

00001ae0 <_EXIT_SLP_TIME58>:
    1ae0:	81 30       	cpi	r24, 0x01	; 1
    1ae2:	19 f0       	breq	.+6      	; 0x1aea <_KER_CALC_PRIO57>
    1ae4:	84 30       	cpi	r24, 0x04	; 4
    1ae6:	09 f0       	breq	.+2      	; 0x1aea <_KER_CALC_PRIO57>
    1ae8:	12 c0       	rjmp	.+36     	; 0x1b0e <_KER_SCH_NEXT57>

00001aea <_KER_CALC_PRIO57>:
    1aea:	e9 e6       	ldi	r30, 0x69	; 105
    1aec:	f1 e0       	ldi	r31, 0x01	; 1
    1aee:	20 e0       	ldi	r18, 0x00	; 0
    1af0:	80 91 3a 01 	lds	r24, 0x013A
    1af4:	e8 0f       	add	r30, r24
    1af6:	f2 1f       	adc	r31, r18
    1af8:	80 81       	ld	r24, Z
    1afa:	20 91 3c 01 	lds	r18, 0x013C
    1afe:	82 17       	cp	r24, r18
    1b00:	30 f4       	brcc	.+12     	; 0x1b0e <_KER_SCH_NEXT57>
    1b02:	80 93 3c 01 	sts	0x013C, r24
    1b06:	20 91 3a 01 	lds	r18, 0x013A
    1b0a:	20 93 3d 01 	sts	0x013D, r18

00001b0e <_KER_SCH_NEXT57>:
    1b0e:	20 91 3a 01 	lds	r18, 0x013A
    1b12:	23 95       	inc	r18
    1b14:	30 91 3b 01 	lds	r19, 0x013B
    1b18:	23 17       	cp	r18, r19
    1b1a:	08 f4       	brcc	.+2      	; 0x1b1e <_KER_SCH_EXIT57>
    1b1c:	b4 cf       	rjmp	.-152    	; 0x1a86 <_KER_SCH_LOOP57>

00001b1e <_KER_SCH_EXIT57>:
    1b1e:	20 91 3d 01 	lds	r18, 0x013D
    1b22:	20 93 3a 01 	sts	0x013A, r18
		KER_LOAD_TASK_ID_AND_SP                           ;load next task id, SP  ( 14 clocks) 
    1b26:	e3 e4       	ldi	r30, 0x43	; 67
    1b28:	f1 e0       	ldi	r31, 0x01	; 1
    1b2a:	20 91 3a 01 	lds	r18, 0x013A
    1b2e:	22 0f       	add	r18, r18
    1b30:	e2 0f       	add	r30, r18
    1b32:	20 e0       	ldi	r18, 0x00	; 0
    1b34:	f2 1f       	adc	r31, r18
    1b36:	20 81       	ld	r18, Z
    1b38:	31 81       	ldd	r19, Z+1	; 0x01
    1b3a:	2d bf       	out	0x3d, r18	; 61
    1b3c:	3e bf       	out	0x3e, r19	; 62
		KER_CONTEXT_RESTORE_THREAD                        ;restore context        ( 68 clocks) 
    1b3e:	ff 91       	pop	r31
    1b40:	ef 91       	pop	r30
    1b42:	df 91       	pop	r29
    1b44:	cf 91       	pop	r28
    1b46:	bf 91       	pop	r27
    1b48:	af 91       	pop	r26
    1b4a:	9f 91       	pop	r25
    1b4c:	8f 91       	pop	r24
    1b4e:	7f 91       	pop	r23
    1b50:	6f 91       	pop	r22
    1b52:	5f 91       	pop	r21
    1b54:	4f 91       	pop	r20
    1b56:	3f 91       	pop	r19
    1b58:	2f 91       	pop	r18
    1b5a:	1f 91       	pop	r17
    1b5c:	0f 91       	pop	r16
    1b5e:	ff 90       	pop	r15
    1b60:	ef 90       	pop	r14
    1b62:	df 90       	pop	r13
    1b64:	cf 90       	pop	r12
    1b66:	bf 90       	pop	r11
    1b68:	af 90       	pop	r10
    1b6a:	9f 90       	pop	r9
    1b6c:	8f 90       	pop	r8
    1b6e:	7f 90       	pop	r7
    1b70:	6f 90       	pop	r6
    1b72:	5f 90       	pop	r5
    1b74:	4f 90       	pop	r4
    1b76:	3f 90       	pop	r3
    1b78:	2f 90       	pop	r2
    1b7a:	1f 90       	pop	r1
    1b7c:	0f 90       	pop	r0
    1b7e:	0f be       	out	0x3f, r0	; 63
    1b80:	0f 90       	pop	r0
    1b82:	78 94       	sei
		RET                                               ;return from subroutine (  4 clocks) 
    1b84:	08 95       	ret

00001b86 <Kernel_Task_Constant_Latency>:
;arg registers           : R25:R24(SleepTime)                                                  
;return registers        : None                                                                
;unsafe access registers : R18, R24, R25, R30(ZL), R31(ZH)                                     
Kernel_Task_Constant_Latency:                             ;total 3.50uS @8MHz     ( 28 clocks) 
		;create next task wakeup time (args R25:R24)                                           
		CLI                                               ;disable interrupt      (  1 clock ) 
    1b86:	f8 94       	cli
		LDI   R30                , lo8(KerSchSlp)         ;load low byte          (  1 clock ) 
    1b88:	e1 e7       	ldi	r30, 0x71	; 113
		LDI   R31                , hi8(KerSchSlp)         ;load high byte         (  1 clock ) 
    1b8a:	f1 e0       	ldi	r31, 0x01	; 1
		KER_CALC_ADDR_OFF_WORD                            ;offset calc            (  6 clocks) 
    1b8c:	20 91 3a 01 	lds	r18, 0x013A
    1b90:	22 0f       	add	r18, r18
    1b92:	e2 0f       	add	r30, r18
    1b94:	20 e0       	ldi	r18, 0x00	; 0
    1b96:	f2 1f       	adc	r31, r18
		STD   Z+0                , R24                    ;save sleep time low    (  2 clocks) 
    1b98:	80 83       	st	Z, r24
		STD   Z+1                , R25                    ;save sleep time high   (  2 clocks) 
    1b9a:	91 83       	std	Z+1, r25	; 0x01
		;update task scheduler status as constant latency                                      
		LDI   R30                , lo8(KerSchSts)         ;load low byte          (  1 clock ) 
    1b9c:	e1 e6       	ldi	r30, 0x61	; 97
		LDI   R31                , hi8(KerSchSts)         ;load high byte         (  1 clock ) 
    1b9e:	f1 e0       	ldi	r31, 0x01	; 1
		KER_CALC_ADDR_OFF_BYTES                           ;offset calc            (  5 clocks) 
    1ba0:	20 91 3a 01 	lds	r18, 0x013A
    1ba4:	e2 0f       	add	r30, r18
    1ba6:	20 e0       	ldi	r18, 0x00	; 0
    1ba8:	f2 1f       	adc	r31, r18
        LDI   R18                , TASK_CONS_LAT          ;save as cons_lat       (  1 clock ) 
    1baa:	24 e0       	ldi	r18, 0x04	; 4
		STD   Z+0                , R18                    ;save block flag        (  2 clocks) 
    1bac:	20 83       	st	Z, r18
		SEI                                               ;enable interrupt       (  1 clock ) 
    1bae:	78 94       	sei
		RET                                               ;return from subroutine (  4 clocks) 
    1bb0:	08 95       	ret

00001bb2 <Kernel_Task_Constant_Latency_Sleep>:
;arg registers           : R25:R24(SleepTime)                                                  
;return registers        : None                                                                
;unsafe access registers : R18, R19, R20, R24, R25, R30(ZL), R31(ZH)                           
Kernel_Task_Constant_Latency_Sleep:                       ;total 35.75uS @8MHz    (286 clocks) 
		;save current context                                                                  
        KER_CONTEXT_SAVE_THREAD                           ;save context           ( 69 clocks) 
    1bb2:	0f 92       	push	r0
    1bb4:	0f b6       	in	r0, 0x3f	; 63
    1bb6:	f8 94       	cli
    1bb8:	0f 92       	push	r0
    1bba:	1f 92       	push	r1
    1bbc:	11 24       	eor	r1, r1
    1bbe:	2f 92       	push	r2
    1bc0:	3f 92       	push	r3
    1bc2:	4f 92       	push	r4
    1bc4:	5f 92       	push	r5
    1bc6:	6f 92       	push	r6
    1bc8:	7f 92       	push	r7
    1bca:	8f 92       	push	r8
    1bcc:	9f 92       	push	r9
    1bce:	af 92       	push	r10
    1bd0:	bf 92       	push	r11
    1bd2:	cf 92       	push	r12
    1bd4:	df 92       	push	r13
    1bd6:	ef 92       	push	r14
    1bd8:	ff 92       	push	r15
    1bda:	0f 93       	push	r16
    1bdc:	1f 93       	push	r17
    1bde:	2f 93       	push	r18
    1be0:	3f 93       	push	r19
    1be2:	4f 93       	push	r20
    1be4:	5f 93       	push	r21
    1be6:	6f 93       	push	r22
    1be8:	7f 93       	push	r23
    1bea:	8f 93       	push	r24
    1bec:	9f 93       	push	r25
    1bee:	af 93       	push	r26
    1bf0:	bf 93       	push	r27
    1bf2:	cf 93       	push	r28
    1bf4:	df 93       	push	r29
    1bf6:	ef 93       	push	r30
    1bf8:	ff 93       	push	r31
		KER_SAVE_CURR_TASK_SP                             ;save current task SP   ( 14 clocks) 
    1bfa:	e3 e4       	ldi	r30, 0x43	; 67
    1bfc:	f1 e0       	ldi	r31, 0x01	; 1
    1bfe:	20 91 3a 01 	lds	r18, 0x013A
    1c02:	22 0f       	add	r18, r18
    1c04:	e2 0f       	add	r30, r18
    1c06:	20 e0       	ldi	r18, 0x00	; 0
    1c08:	f2 1f       	adc	r31, r18
    1c0a:	2d b7       	in	r18, 0x3d	; 61
    1c0c:	3e b7       	in	r19, 0x3e	; 62
    1c0e:	20 83       	st	Z, r18
    1c10:	31 83       	std	Z+1, r19	; 0x01
		;update task scheduler status as blocked                                               
		LDI   R30                , lo8(KerSchSts)         ;load low byte          (  1 clock ) 
    1c12:	e1 e6       	ldi	r30, 0x61	; 97
		LDI   R31                , hi8(KerSchSts)         ;load high byte         (  1 clock ) 
    1c14:	f1 e0       	ldi	r31, 0x01	; 1
		KER_CALC_ADDR_OFF_BYTES                           ;offset calc            (  5 clocks) 
    1c16:	20 91 3a 01 	lds	r18, 0x013A
    1c1a:	e2 0f       	add	r30, r18
    1c1c:	20 e0       	ldi	r18, 0x00	; 0
    1c1e:	f2 1f       	adc	r31, r18
        LDI   R18                , TASK_BLOCKED           ;blocked until cnt=0    (  1 clock ) 
    1c20:	20 e0       	ldi	r18, 0x00	; 0
		STD   Z+0                , R18                    ;save block flag        (  2 clocks) 
    1c22:	20 83       	st	Z, r18
		;run scheduler, load next task sp, restore context                                     
		LDI    R24               , SCH_MODE_THREAD        ;set sch mode           (  1 clock ) 
    1c24:	81 e0       	ldi	r24, 0x01	; 1
		KER_RUN_SCHEDULER                                 ;run scheduler          (106 clocks) 
    1c26:	2f ef       	ldi	r18, 0xFF	; 255
    1c28:	20 93 3c 01 	sts	0x013C, r18
    1c2c:	20 e0       	ldi	r18, 0x00	; 0
    1c2e:	20 93 3d 01 	sts	0x013D, r18
    1c32:	58 2f       	mov	r21, r24

00001c34 <_KER_SCH_LOOP76>:
    1c34:	20 93 3a 01 	sts	0x013A, r18
    1c38:	85 2f       	mov	r24, r21
    1c3a:	e1 e7       	ldi	r30, 0x71	; 113
    1c3c:	f1 e0       	ldi	r31, 0x01	; 1
    1c3e:	20 91 3a 01 	lds	r18, 0x013A
    1c42:	22 0f       	add	r18, r18
    1c44:	e2 0f       	add	r30, r18
    1c46:	20 e0       	ldi	r18, 0x00	; 0
    1c48:	f2 1f       	adc	r31, r18
    1c4a:	20 81       	ld	r18, Z
    1c4c:	31 81       	ldd	r19, Z+1	; 0x01
    1c4e:	42 2f       	mov	r20, r18
    1c50:	43 2b       	or	r20, r19
    1c52:	59 f0       	breq	.+22     	; 0x1c6a <_VAL_NULL77>
    1c54:	81 30       	cpi	r24, 0x01	; 1
    1c56:	99 f0       	breq	.+38     	; 0x1c7e <_VAL_NOT_NULL77>
    1c58:	41 e0       	ldi	r20, 0x01	; 1
    1c5a:	24 1b       	sub	r18, r20
    1c5c:	40 e0       	ldi	r20, 0x00	; 0
    1c5e:	34 0b       	sbc	r19, r20
    1c60:	20 83       	st	Z, r18
    1c62:	31 83       	std	Z+1, r19	; 0x01
    1c64:	42 2f       	mov	r20, r18
    1c66:	43 2b       	or	r20, r19
    1c68:	51 f4       	brne	.+20     	; 0x1c7e <_VAL_NOT_NULL77>

00001c6a <_VAL_NULL77>:
    1c6a:	e1 e6       	ldi	r30, 0x61	; 97
    1c6c:	f1 e0       	ldi	r31, 0x01	; 1
    1c6e:	20 91 3a 01 	lds	r18, 0x013A
    1c72:	e2 0f       	add	r30, r18
    1c74:	20 e0       	ldi	r18, 0x00	; 0
    1c76:	f2 1f       	adc	r31, r18
    1c78:	81 e0       	ldi	r24, 0x01	; 1
    1c7a:	80 83       	st	Z, r24
    1c7c:	08 c0       	rjmp	.+16     	; 0x1c8e <_EXIT_SLP_TIME77>

00001c7e <_VAL_NOT_NULL77>:
    1c7e:	e1 e6       	ldi	r30, 0x61	; 97
    1c80:	f1 e0       	ldi	r31, 0x01	; 1
    1c82:	20 91 3a 01 	lds	r18, 0x013A
    1c86:	e2 0f       	add	r30, r18
    1c88:	20 e0       	ldi	r18, 0x00	; 0
    1c8a:	f2 1f       	adc	r31, r18
    1c8c:	80 81       	ld	r24, Z

00001c8e <_EXIT_SLP_TIME77>:
    1c8e:	81 30       	cpi	r24, 0x01	; 1
    1c90:	19 f0       	breq	.+6      	; 0x1c98 <_KER_CALC_PRIO76>
    1c92:	84 30       	cpi	r24, 0x04	; 4
    1c94:	09 f0       	breq	.+2      	; 0x1c98 <_KER_CALC_PRIO76>
    1c96:	12 c0       	rjmp	.+36     	; 0x1cbc <_KER_SCH_NEXT76>

00001c98 <_KER_CALC_PRIO76>:
    1c98:	e9 e6       	ldi	r30, 0x69	; 105
    1c9a:	f1 e0       	ldi	r31, 0x01	; 1
    1c9c:	20 e0       	ldi	r18, 0x00	; 0
    1c9e:	80 91 3a 01 	lds	r24, 0x013A
    1ca2:	e8 0f       	add	r30, r24
    1ca4:	f2 1f       	adc	r31, r18
    1ca6:	80 81       	ld	r24, Z
    1ca8:	20 91 3c 01 	lds	r18, 0x013C
    1cac:	82 17       	cp	r24, r18
    1cae:	30 f4       	brcc	.+12     	; 0x1cbc <_KER_SCH_NEXT76>
    1cb0:	80 93 3c 01 	sts	0x013C, r24
    1cb4:	20 91 3a 01 	lds	r18, 0x013A
    1cb8:	20 93 3d 01 	sts	0x013D, r18

00001cbc <_KER_SCH_NEXT76>:
    1cbc:	20 91 3a 01 	lds	r18, 0x013A
    1cc0:	23 95       	inc	r18
    1cc2:	30 91 3b 01 	lds	r19, 0x013B
    1cc6:	23 17       	cp	r18, r19
    1cc8:	08 f4       	brcc	.+2      	; 0x1ccc <_KER_SCH_EXIT76>
    1cca:	b4 cf       	rjmp	.-152    	; 0x1c34 <_KER_SCH_LOOP76>

00001ccc <_KER_SCH_EXIT76>:
    1ccc:	20 91 3d 01 	lds	r18, 0x013D
    1cd0:	20 93 3a 01 	sts	0x013A, r18
		KER_LOAD_TASK_ID_AND_SP                           ;load next task id, SP  ( 14 clocks) 
    1cd4:	e3 e4       	ldi	r30, 0x43	; 67
    1cd6:	f1 e0       	ldi	r31, 0x01	; 1
    1cd8:	20 91 3a 01 	lds	r18, 0x013A
    1cdc:	22 0f       	add	r18, r18
    1cde:	e2 0f       	add	r30, r18
    1ce0:	20 e0       	ldi	r18, 0x00	; 0
    1ce2:	f2 1f       	adc	r31, r18
    1ce4:	20 81       	ld	r18, Z
    1ce6:	31 81       	ldd	r19, Z+1	; 0x01
    1ce8:	2d bf       	out	0x3d, r18	; 61
    1cea:	3e bf       	out	0x3e, r19	; 62
		KER_CONTEXT_RESTORE_THREAD                        ;restore context        ( 68 clocks) 
    1cec:	ff 91       	pop	r31
    1cee:	ef 91       	pop	r30
    1cf0:	df 91       	pop	r29
    1cf2:	cf 91       	pop	r28
    1cf4:	bf 91       	pop	r27
    1cf6:	af 91       	pop	r26
    1cf8:	9f 91       	pop	r25
    1cfa:	8f 91       	pop	r24
    1cfc:	7f 91       	pop	r23
    1cfe:	6f 91       	pop	r22
    1d00:	5f 91       	pop	r21
    1d02:	4f 91       	pop	r20
    1d04:	3f 91       	pop	r19
    1d06:	2f 91       	pop	r18
    1d08:	1f 91       	pop	r17
    1d0a:	0f 91       	pop	r16
    1d0c:	ff 90       	pop	r15
    1d0e:	ef 90       	pop	r14
    1d10:	df 90       	pop	r13
    1d12:	cf 90       	pop	r12
    1d14:	bf 90       	pop	r11
    1d16:	af 90       	pop	r10
    1d18:	9f 90       	pop	r9
    1d1a:	8f 90       	pop	r8
    1d1c:	7f 90       	pop	r7
    1d1e:	6f 90       	pop	r6
    1d20:	5f 90       	pop	r5
    1d22:	4f 90       	pop	r4
    1d24:	3f 90       	pop	r3
    1d26:	2f 90       	pop	r2
    1d28:	1f 90       	pop	r1
    1d2a:	0f 90       	pop	r0
    1d2c:	0f be       	out	0x3f, r0	; 63
    1d2e:	0f 90       	pop	r0
    1d30:	78 94       	sei
		RET                                               ;return from subroutine (  4 clocks) 
    1d32:	08 95       	ret

00001d34 <Kernel_PreSleep_Hook>:
;used registers          : R24, R25, R30(ZL), R31(ZH)                                          
;arg registers           : R25:R24(FunctionPtr)                                                
;return registers        : None                                                                
;unsafe access registers : R24, R25, R30(ZL), R31(ZH)                                          
Kernel_PreSleep_Hook:                                     ;total 1.00uS @8MHz     (  8 clocks) 
        MOVW  R30                , R24                    ;move pointer to Z      (  1 clock ) 
    1d34:	fc 01       	movw	r30, r24
		ICALL                                             ;indirect call          (  3 clocks) 
    1d36:	09 95       	icall
		RET                                               ;return from subroutine (  4 clocks) 
    1d38:	08 95       	ret

00001d3a <Kernel_Clock_Prescale>:
;used registers          : R18, R24                                                            
;arg registers           : R24(prescaler reg val)                                              
;return registers        : None                                                                
;unsafe access registers : R18, R24                                                            
Kernel_Clock_Prescale:                                    ;total 1.75uS @8MHz     ( 14 clocks) 
        LDS   R18                , SRSREG                 ;load sreg              (  2 clocks)
    1d3a:	20 91 5f 00 	lds	r18, 0x005F
		CLI                                               ;disable interrupt      (  1 clock )
    1d3e:	f8 94       	cli
		LDI   R19                , 0x80                   ;set CLKPCE             (  1 clock ) 
    1d40:	30 e8       	ldi	r19, 0x80	; 128
		STS   SRCLKPR            , R19                    ;store val              (  2 clocks) 
    1d42:	30 93 61 00 	sts	0x0061, r19
		STS   SRCLKPR            , R24                    ;store val              (  2 clocks)
    1d46:	80 93 61 00 	sts	0x0061, r24
        STS   SRSREG             , R18                    ;store val              (  2 clocks) 
    1d4a:	20 93 5f 00 	sts	0x005F, r18
		RET                                               ;return from subroutine (  4 clocks) 
    1d4e:	08 95       	ret

00001d50 <Kernel_Task_Sleep_Time_Get>:
;used registers          : R18, R24, R25, R30(ZL), R31(ZH)                                     
;arg registers           : R24(TaskID)                                                         
;return registers        : R25:R24(SleepTime)                                                  
;unsafe access registers : R18, R24, R25, R30(ZL), R31(ZH)                                     
Kernel_Task_Sleep_Time_Get:                               ;total 1.88uS @8MHz     ( 15 clocks) 
		MOV   R18                , R24                    ;copy                   (  1 clock ) 
    1d50:	28 2f       	mov	r18, r24
		LSL   R18                                         ;x2                     (  1 clock ) 
    1d52:	22 0f       	add	r18, r18
		LDI   R30                , lo8(KerSchSlp)         ;load low byte          (  1 clock ) 
    1d54:	e1 e7       	ldi	r30, 0x71	; 113
		LDI   R31                , hi8(KerSchSlp)         ;load high byte         (  1 clock ) 
    1d56:	f1 e0       	ldi	r31, 0x01	; 1
		ADD   R30                , R18                    ;add low bytes          (  1 clock ) 
    1d58:	e2 0f       	add	r30, r18
		LDI   R18                , 0x00                   ;load 0                 (  1 clock ) 
    1d5a:	20 e0       	ldi	r18, 0x00	; 0
		ADC   R31                , R18                    ;add high byte+carry    (  1 clock ) 
    1d5c:	f2 1f       	adc	r31, r18
		LDD   R24                , Z+0                    ;load sleep time        (  2 clocks) 
    1d5e:	80 81       	ld	r24, Z
		LDD   R25                , Z+1                    ;load sleep time        (  2 clocks) 
    1d60:	91 81       	ldd	r25, Z+1	; 0x01
		RET                                               ;return from subroutine (  4 clocks) 
    1d62:	08 95       	ret

00001d64 <Kernel_Task_Status_Get>:
;used registers          : R18, R24, R30(ZL), R31(ZH)                                          
;arg registers           : R24(TaskID)                                                         
;return registers        : R24(TaskSts)                                                        
;unsafe access registers : R18, R24, R30(ZL), R31(ZH)                                          
Kernel_Task_Status_Get:                                   ;total 1.50uS @8MHz     ( 12 clocks) 
		MOV   R18                , R24                    ;copy                   (  1 clock ) 
    1d64:	28 2f       	mov	r18, r24
		LDI   R30                , lo8(KerSchSts)         ;load low byte          (  1 clock ) 
    1d66:	e1 e6       	ldi	r30, 0x61	; 97
		LDI   R31                , hi8(KerSchSts)         ;load high byte         (  1 clock ) 
    1d68:	f1 e0       	ldi	r31, 0x01	; 1
		ADD   R30                , R18                    ;add low bytes          (  1 clock ) 
    1d6a:	e2 0f       	add	r30, r18
		LDI   R18                , 0x00                   ;load 0                 (  1 clock ) 
    1d6c:	20 e0       	ldi	r18, 0x00	; 0
		ADC   R31                , R18                    ;add high byte+carry    (  1 clock ) 
    1d6e:	f2 1f       	adc	r31, r18
		LD    R24                , Z                      ;load task status       (  2 clocks) 
    1d70:	80 81       	ld	r24, Z
		RET                                               ;return from subroutine (  4 clocks) 
    1d72:	08 95       	ret

00001d74 <Kernel_NTask_Get>:
;used registers          : R24                                                                 
;arg registers           : None                                                                
;return registers        : R24(NTask)                                                          
;unsafe access registers : R24                                                                 
Kernel_NTask_Get:                                         ;total 0.75uS @8MHz     (  6 clocks) 
		LDS   R24                 , KerBase+OFB_NTSK      ;load ntask             (  2 clock ) 
    1d74:	80 91 3b 01 	lds	r24, 0x013B
		RET                                               ;return from subroutine (  4 clocks) 
    1d78:	08 95       	ret

00001d7a <Kernel_Task_Prio_Get>:
;arg registers           : R24(TaskID)                                                         
;return registers        : R24(TaskPriority)                                                   
;unsafe access registers : R18, R24, R30(ZL), R31(ZH)                                          
Kernel_Task_Prio_Get:                                     ;total 1.50uS @8MHz     ( 12 clocks) 
		;get priority of the task id, arg (task_id->R24), return R24                           
		MOV   R18                , R24                    ;copy task_id           (  1 clock ) 
    1d7a:	28 2f       	mov	r18, r24
		LDI   R30                , lo8(KerSchPr)          ;load low byte          (  1 clock ) 
    1d7c:	e9 e6       	ldi	r30, 0x69	; 105
		LDI   R31                , hi8(KerSchPr)          ;load high byte         (  1 clock ) 
    1d7e:	f1 e0       	ldi	r31, 0x01	; 1
		ADD   R30                , R18                    ;add low bytes          (  1 clock ) 
    1d80:	e2 0f       	add	r30, r18
		LDI   R18                , 0x00                   ;clear reg              (  1 clock ) 
    1d82:	20 e0       	ldi	r18, 0x00	; 0
		ADC   R31                , R18                    ;add high byte+carry    (  1 clock ) 
    1d84:	f2 1f       	adc	r31, r18
		LD    R24                , Z                      ;load priority          (  2 clocks) 
    1d86:	80 81       	ld	r24, Z
		RET                                               ;return from subroutine (  4 clocks) 
    1d88:	08 95       	ret

00001d8a <Kernel_Lowest_Prio_Get>:
;used registers          : R24                                                                 
;arg registers           : None                                                                
;return registers        : R24(LowestPriorityVal)                                              
;unsafe access registers : R24                                                                 
Kernel_Lowest_Prio_Get:                                   ;total 0.75uS @8MHz     (  6 clocks) 
		LDS   R24                , KerBase+OFB_LPR        ;load lowest priority   (  2 clocks) 
    1d8a:	80 91 3c 01 	lds	r24, 0x013C
		RET                                               ;return from subroutine (  4 clocks) 
    1d8e:	08 95       	ret

00001d90 <Kernel_High_Prio_Task_ID_Get>:
;used registers          : R24                                                                 
;arg registers           : None                                                                
;return registers        : R24(HighstPriorityTaskID)->UserTaskID (Excluding Idle Task)         
;unsafe access registers : R24                                                                 
Kernel_High_Prio_Task_ID_Get:                             ;total 0.88uS @8MHz     (  7 clocks) 
		LDS   R24                , KerBase+OFB_PTID       ;load priority tak_id   (  2 clocks) 
    1d90:	80 91 3d 01 	lds	r24, 0x013D
		DEC   R24                                         ;decrement by 1         (  1 clock ) 
    1d94:	8a 95       	dec	r24
		RET                                               ;return from subroutine (  4 clocks) 
    1d96:	08 95       	ret

00001d98 <Kernel_Abs_High_Prio_Task_ID_Get>:
;used registers          : R24                                                                 
;arg registers           : None                                                                
;return registers        : R24(HighstPriorityTaskID)->AbsoluteTaskID (Including Idle Task)     
;unsafe access registers : R24                                                                 
Kernel_Abs_High_Prio_Task_ID_Get:                         ;total 0.75uS @8MHz     (  6 clocks) 
		LDS   R24                , KerBase+OFB_PTID       ;load priority tak_id   (  2 clocks) 
    1d98:	80 91 3d 01 	lds	r24, 0x013D
		RET                                               ;return from subroutine (  4 clocks) 
    1d9c:	08 95       	ret

00001d9e <Kernel_CPU_Usage_Get>:
;arg registers           : None                                                                
;return registers        : R24(CurrentCpuUsage)->In percentage                                 
;unsafe access registers : R24                                                                 
Kernel_CPU_Usage_Get:                                     ;total 0.75uS @8MHz     (  6 clocks) 
		;get cpu usage, return R24                                                             
		LDS   R24                , KerBase+OFB_USAGE      ;load cpu usage         (  2 clocks) 
    1d9e:	80 91 40 01 	lds	r24, 0x0140
		RET                                               ;return from subroutine (  4 clocks) 
    1da2:	08 95       	ret

00001da4 <Kernel_Tick_Val_Get>:
;used registers          : R22, R23, R24, R25                                                  
;arg registers           : None                                                                
;return registers        : R25:R22(TickVal)                                                    
;unsafe access registers : R22, R23, R24, R25                                                  
Kernel_Tick_Val_Get:                                      ;total 0.75uS @8MHz     (  6 clocks) 
        IN    R18                , IOSREG                 ;save SREG              (  1 clock ) 
    1da4:	2f b7       	in	r18, 0x3f	; 63
		CLI                                               ;disable interrupt      (  1 clock ) 
    1da6:	f8 94       	cli
		LDS   R22                , KerBase+OFB_TICK0      ;load tick count        (  2 clocks) 
    1da8:	60 91 33 01 	lds	r22, 0x0133
		LDS   R23                , KerBase+OFB_TICK1      ;load tick count        (  2 clocks) 
    1dac:	70 91 34 01 	lds	r23, 0x0134
		LDS   R24                , KerBase+OFB_TICK2      ;load tick count        (  2 clocks) 
    1db0:	80 91 35 01 	lds	r24, 0x0135
		LDS   R25                , KerBase+OFB_TICK3      ;load tick count        (  2 clocks) 
    1db4:	90 91 36 01 	lds	r25, 0x0136
		OUT   IOSREG             , R18                    ;restore SREG           (  1 clock ) 
    1db8:	2f bf       	out	0x3f, r18	; 63
		RET                                               ;return from subroutine (  4 clocks) 
    1dba:	08 95       	ret

00001dbc <Debug_Init>:


;;===================================debug init starting====================================;; 
Debug_Init:                                               ;total 2.38uS @8MHz     ( 19 clocks) 
        ;init registers for UART0 (Arg R25:R24->UBRRH:UBRRL)                                   
		LDI   R18                , (1<<1)                 ;mask U2x               (  1 clock ) 
    1dbc:	22 e0       	ldi	r18, 0x02	; 2
		STS   SRUCSR0A           , R18                    ;load val to UCSR0A     (  2 clocks) 
    1dbe:	20 93 c0 00 	sts	0x00C0, r18
		MOV   R18                , R25                    ;copy R25->baud rate H  (  1 clock ) 
    1dc2:	29 2f       	mov	r18, r25
		STS   SRUBRR0H           , R18                    ;load val to UBRR0H     (  2 clocks) 
    1dc4:	20 93 c5 00 	sts	0x00C5, r18
		MOV   R18                , R24                    ;copy R24->baud rate L  (  1 clock ) 
    1dc8:	28 2f       	mov	r18, r24
		STS   SRUBRR0L           , R18                    ;load val to UBRR0L     (  2 clocks) 
    1dca:	20 93 c4 00 	sts	0x00C4, r18
		LDI   R18                , (1<<1)|(1<<2)          ;config 8 data bit      (  1 clock ) 
    1dce:	26 e0       	ldi	r18, 0x06	; 6
		STS   SRUCSR0C           , R18                    ;load val to UCSR0C     (  2 clocks) 
    1dd0:	20 93 c2 00 	sts	0x00C2, r18
		LDI   R18                , (1<<3)                 ;enable tx              (  1 clock ) 
    1dd4:	28 e0       	ldi	r18, 0x08	; 8
		STS   SRUCSR0B           , R18                    ;load val to UCSR0B     (  2 clocks) 
    1dd6:	20 93 c1 00 	sts	0x00C1, r18
        RET                                               ;return from subroutine (  4 clocks) 
    1dda:	08 95       	ret

00001ddc <Debug_Tx_Byte>:


;;====================================debug tx starting=====================================;; 
Debug_Tx_Byte:                                            ;total 2.00uS+LT @8MHz  ( 16 clocks) 
		;write single byte to data register (Arg R24)                                          
		PUSH  R18                                         ;save reg               (  2 clocks) 
    1ddc:	2f 93       	push	r18
		STS   SRUDR0             , R24                    ;load val to UDR0       (  2 clocks) 
    1dde:	80 93 c6 00 	sts	0x00C6, r24

00001de2 <__UDRE0_CLEARED>:
                                                                                               
    __UDRE0_CLEARED:                                      ;undefined loop wrt ck               
		LDS   R18                , SRUCSR0A               ;load UCSR0A to R18     (  2 clocks) 
    1de2:	20 91 c0 00 	lds	r18, 0x00C0
		SBRS  R18                , 0x05                   ;skip if UDRE0 is set   (  2 clocks) 
    1de6:	25 ff       	sbrs	r18, 5
		RJMP  __UDRE0_CLEARED                             ;wait until UDRE0 is set(  2 clocks) 
    1de8:	fc cf       	rjmp	.-8      	; 0x1de2 <__UDRE0_CLEARED>
		POP   R18                                         ;restore reg            (  2 clocks) 
    1dea:	2f 91       	pop	r18
        RET                                               ;return from subroutine (  4 clocks) 
    1dec:	08 95       	ret

00001dee <Debug_Tx_Word>:


;;==================================debug tx word starting==================================;; 
Debug_Tx_Word:                                            ;total 2.00uS+LT @8MHz  ( 16 clocks) 
		;write 2 bytes, (Arg R24, R25), Args retained                                          
		PUSH  R24                                         ;save reg               (  2 clocks) 
    1dee:	8f 93       	push	r24
		MOV   R24                , R25                    ;copy reg               (  1 clock ) 
    1df0:	89 2f       	mov	r24, r25
		CALL  Debug_Tx_Byte                               ;send via uart          ( 21 clocks) 
    1df2:	0e 94 ee 0e 	call	0x1ddc	; 0x1ddc <Debug_Tx_Byte>
        POP   R24                                         ;restore reg            (  2 clocks) 
    1df6:	8f 91       	pop	r24
		CALL  Debug_Tx_Byte                               ;send via uart          ( 21 clocks) 
    1df8:	0e 94 ee 0e 	call	0x1ddc	; 0x1ddc <Debug_Tx_Byte>
        RET                                               ;return from subroutine (  4 clocks) 
    1dfc:	08 95       	ret

00001dfe <Debug_Tx_Byte_Conf>:


;;================================debug tx confirm starting=================================;; 
Debug_Tx_Byte_Conf:                                       ;total 2.63uS+LT @8MHz  ( 21 clocks) 
        ;write 1 byte, (Arg R24), Args retained                                                
		PUSH  R18                                         ;save reg               (  2 clocks) 
    1dfe:	2f 93       	push	r18
		STS   SRUDR0             , R24                    ;load val to UDR0,      (  2 clocks) 
    1e00:	80 93 c6 00 	sts	0x00C6, r24

00001e04 <__TXC0_CLEARED>:
    __TXC0_CLEARED:                                                                            
		LDS   R18                , SRUCSR0A               ;load UCSR0A to R18,    (  2 clocks) 
    1e04:	20 91 c0 00 	lds	r18, 0x00C0
		SBRS  R18                , 0x06                   ;skip if TXC0 is set,   (  2 clocks) 
    1e08:	26 ff       	sbrs	r18, 6
		RJMP  __TXC0_CLEARED                              ;wait until TXC0 is set (  2 clocks) 
    1e0a:	fc cf       	rjmp	.-8      	; 0x1e04 <__TXC0_CLEARED>
		LDS   R18                , SRUCSR0A               ;load UCSR0A to R18,    (  2 clocks) 
    1e0c:	20 91 c0 00 	lds	r18, 0x00C0
		ORI   R18                , (1<<6)                 ;mask bit 6,            (  1 clock ) 
    1e10:	20 64       	ori	r18, 0x40	; 64
		STS   SRUCSR0A           , R18                    ;write reg with bit msk (  2 clocks) 
    1e12:	20 93 c0 00 	sts	0x00C0, r18
		POP   R18                                         ;restore reg            (  2 clocks) 
    1e16:	2f 91       	pop	r18
        RET                                               ;return from subroutine (  4 clocks) 
    1e18:	08 95       	ret

00001e1a <Debug_Tx_Word_Conf>:


;;==============================debug tx word confirm starting==============================;; 
Debug_Tx_Word_Conf:                                       ;total 6.38uS+LT @8MHz  ( 51 clocks) 
        ;write 2 bytes, (Arg R24, R25), Args retained                                          
		CALL  Debug_Tx_Byte_Conf                          ;send via uart                       
    1e1a:	0e 94 ff 0e 	call	0x1dfe	; 0x1dfe <Debug_Tx_Byte_Conf>
		PUSH  R24                                         ;save reg               (  2 clocks) 
    1e1e:	8f 93       	push	r24
		MOV   R24                , R25                    ;copy R25 to R24        (  1 clock ) 
    1e20:	89 2f       	mov	r24, r25
		CALL  Debug_Tx_Byte_Conf                          ;send via uart                       
    1e22:	0e 94 ff 0e 	call	0x1dfe	; 0x1dfe <Debug_Tx_Byte_Conf>
		POP   R24                                         ;restore reg            (  2 clocks) 
    1e26:	8f 91       	pop	r24
        RET                                               ;return from subroutine (  4 clocks) 
    1e28:	08 95       	ret

00001e2a <Debug_Tx_DWord_Conf>:


;;==============================debug tx dword confirm starting=============================;; 
Debug_Tx_DWord_Conf:                                      ;total 12.38uS+LT @8MHz ( 99 clocks) 
        ;write 4 bytes, (Arg R22-R25), Args retained                                           
		STS   SRGPIOR1           , R24                    ;store R24 val,           (2 clocks) 
    1e2a:	80 93 4a 00 	sts	0x004A, r24
		MOV   R24                , R22                    ;copy R22 to R24          (1 clock ) 
    1e2e:	86 2f       	mov	r24, r22
		CALL  Debug_Tx_Byte_Conf                          ;send via uart                       
    1e30:	0e 94 ff 0e 	call	0x1dfe	; 0x1dfe <Debug_Tx_Byte_Conf>
		MOV   R24                , R23                    ;copy R23 to R24          (1 clock ) 
    1e34:	87 2f       	mov	r24, r23
		CALL  Debug_Tx_Byte_Conf                          ;send via uart                       
    1e36:	0e 94 ff 0e 	call	0x1dfe	; 0x1dfe <Debug_Tx_Byte_Conf>
		LDS   R24                , SRGPIOR1               ;restore R24              (2 clocks) 
    1e3a:	80 91 4a 00 	lds	r24, 0x004A
		CALL  Debug_Tx_Byte_Conf                          ;send via uart                       
    1e3e:	0e 94 ff 0e 	call	0x1dfe	; 0x1dfe <Debug_Tx_Byte_Conf>
		STS   SRGPIOR1           , R24                    ;store R24 val,           (2 clocks) 
    1e42:	80 93 4a 00 	sts	0x004A, r24
		MOV   R24                , R25                    ;copy R22 to R24          (1 clock ) 
    1e46:	89 2f       	mov	r24, r25
		CALL  Debug_Tx_Byte_Conf                          ;send via uart                       
    1e48:	0e 94 ff 0e 	call	0x1dfe	; 0x1dfe <Debug_Tx_Byte_Conf>
		LDS   R24                , SRGPIOR1               ;restore R24 val,         (2 clocks) 
    1e4c:	80 91 4a 00 	lds	r24, 0x004A
        RET                                               ;return from subroutine,  (4 clocks) 
    1e50:	08 95       	ret

00001e52 <Debug_Tx_From_RAM>:


;;=============================debug tx confirm from ram starting===========================;; 
Debug_Tx_From_RAM:                                        ;total 4.38uS+LT @8MHz  ( 35 clocks) 
        ;print data from RAM address (Arg R24-R25)                                             
		MOV   R16                , R30                    ;copy R30 to R16          (1 clock ) 
    1e52:	0e 2f       	mov	r16, r30
		MOV   R17                , R31                    ;copy R31 to R17          (1 clock ) 
    1e54:	1f 2f       	mov	r17, r31
		MOV   R18                , R24                    ;copy R24 to R18          (1 clock ) 
    1e56:	28 2f       	mov	r18, r24
		MOV   R30                , R24                    ;copy R22 to R24          (1 clock ) 
    1e58:	e8 2f       	mov	r30, r24
		MOV   R31                , R25                    ;copy R22 to R24          (1 clock ) 
    1e5a:	f9 2f       	mov	r31, r25
		LD    R24                , Z                      ;load val to R24          (2 clocks) 
    1e5c:	80 81       	ld	r24, Z
		CALL  Debug_Tx_Byte_Conf                          ;send via uart                       
    1e5e:	0e 94 ff 0e 	call	0x1dfe	; 0x1dfe <Debug_Tx_Byte_Conf>
		MOV   R30                , R16                    ;copy R16 to R30          (1 clock ) 
    1e62:	e0 2f       	mov	r30, r16
		MOV   R31                , R17                    ;copy R17 to R31          (1 clock ) 
    1e64:	f1 2f       	mov	r31, r17
		MOV   R24                , R18                    ;copy R18 to R24          (1 clock ) 
    1e66:	82 2f       	mov	r24, r18
        RET                                               ;return from subroutine,  (4 clocks) 
    1e68:	08 95       	ret

00001e6a <Debug_Tx_RAM_Area>:

;;=============================debug tx confirm ram area starting===========================;; 
Debug_Tx_RAM_Area:                                        ;5.5uS+LT x R22 @8MHz   ( 44 clocks) 
        ;print data from RAM address (arguments R24:R25, R22)                                  
	__DUMP_BYTES:                                                                              
	    CALL  Debug_Tx_From_RAM                           ;send via uart from ram              
    1e6a:	0e 94 29 0f 	call	0x1e52	; 0x1e52 <Debug_Tx_From_RAM>
		SUBI  R24                , 0x01                   ;decrement from LSByte               
    1e6e:	81 50       	subi	r24, 0x01	; 1
        SBCI  R25                , 0x00                   ;decrement if carry                  
    1e70:	90 40       	sbci	r25, 0x00	; 0
		SUBI  R22                , 0x01                   ;decrement                           
    1e72:	61 50       	subi	r22, 0x01	; 1
		BRNE  __DUMP_BYTES                                                                     
    1e74:	d1 f7       	brne	.-12     	; 0x1e6a <Debug_Tx_RAM_Area>
        RET                                               ;return from subroutine,  (4 clocks) 
    1e76:	08 95       	ret

00001e78 <__mulsi3>:
    1e78:	62 9f       	mul	r22, r18
    1e7a:	d0 01       	movw	r26, r0
    1e7c:	73 9f       	mul	r23, r19
    1e7e:	f0 01       	movw	r30, r0
    1e80:	82 9f       	mul	r24, r18
    1e82:	e0 0d       	add	r30, r0
    1e84:	f1 1d       	adc	r31, r1
    1e86:	64 9f       	mul	r22, r20
    1e88:	e0 0d       	add	r30, r0
    1e8a:	f1 1d       	adc	r31, r1
    1e8c:	92 9f       	mul	r25, r18
    1e8e:	f0 0d       	add	r31, r0
    1e90:	83 9f       	mul	r24, r19
    1e92:	f0 0d       	add	r31, r0
    1e94:	74 9f       	mul	r23, r20
    1e96:	f0 0d       	add	r31, r0
    1e98:	65 9f       	mul	r22, r21
    1e9a:	f0 0d       	add	r31, r0
    1e9c:	99 27       	eor	r25, r25
    1e9e:	72 9f       	mul	r23, r18
    1ea0:	b0 0d       	add	r27, r0
    1ea2:	e1 1d       	adc	r30, r1
    1ea4:	f9 1f       	adc	r31, r25
    1ea6:	63 9f       	mul	r22, r19
    1ea8:	b0 0d       	add	r27, r0
    1eaa:	e1 1d       	adc	r30, r1
    1eac:	f9 1f       	adc	r31, r25
    1eae:	bd 01       	movw	r22, r26
    1eb0:	cf 01       	movw	r24, r30
    1eb2:	11 24       	eor	r1, r1
    1eb4:	08 95       	ret

00001eb6 <__udivmodsi4>:
    1eb6:	a1 e2       	ldi	r26, 0x21	; 33
    1eb8:	1a 2e       	mov	r1, r26
    1eba:	aa 1b       	sub	r26, r26
    1ebc:	bb 1b       	sub	r27, r27
    1ebe:	fd 01       	movw	r30, r26
    1ec0:	0d c0       	rjmp	.+26     	; 0x1edc <__udivmodsi4_ep>

00001ec2 <__udivmodsi4_loop>:
    1ec2:	aa 1f       	adc	r26, r26
    1ec4:	bb 1f       	adc	r27, r27
    1ec6:	ee 1f       	adc	r30, r30
    1ec8:	ff 1f       	adc	r31, r31
    1eca:	a2 17       	cp	r26, r18
    1ecc:	b3 07       	cpc	r27, r19
    1ece:	e4 07       	cpc	r30, r20
    1ed0:	f5 07       	cpc	r31, r21
    1ed2:	20 f0       	brcs	.+8      	; 0x1edc <__udivmodsi4_ep>
    1ed4:	a2 1b       	sub	r26, r18
    1ed6:	b3 0b       	sbc	r27, r19
    1ed8:	e4 0b       	sbc	r30, r20
    1eda:	f5 0b       	sbc	r31, r21

00001edc <__udivmodsi4_ep>:
    1edc:	66 1f       	adc	r22, r22
    1ede:	77 1f       	adc	r23, r23
    1ee0:	88 1f       	adc	r24, r24
    1ee2:	99 1f       	adc	r25, r25
    1ee4:	1a 94       	dec	r1
    1ee6:	69 f7       	brne	.-38     	; 0x1ec2 <__udivmodsi4_loop>
    1ee8:	60 95       	com	r22
    1eea:	70 95       	com	r23
    1eec:	80 95       	com	r24
    1eee:	90 95       	com	r25
    1ef0:	9b 01       	movw	r18, r22
    1ef2:	ac 01       	movw	r20, r24
    1ef4:	bd 01       	movw	r22, r26
    1ef6:	cf 01       	movw	r24, r30
    1ef8:	08 95       	ret

00001efa <_exit>:
    1efa:	f8 94       	cli

00001efc <__stop_program>:
    1efc:	ff cf       	rjmp	.-2      	; 0x1efc <__stop_program>
